allele,number_mutations,phenotype_label
MRALIIVDVQNDFCEGGSLAVTGGAALARAISDYLAEAADYHHVVATKDFHIDPGDHFSGTPDYSSSWPPHCVSGTPGADFHPSLDTSAIEAVFYKGAYTGAYSGFEGVDENGTPLLNWPRQRGVDEVDVVGIATDHCVRQTAEDAVRNGLATRVLVDLTAGVSADTTVAALEEMRTASVELVCSS!,1,R
MRALIIVDVQNDFCEGGSLAVTGGAALARAISDYLAEAADYHHVVATKDFHIDPGDLFSGTPDYSSSWPPHCVSGTPGADFHPSLDTSAIEAVFYKGAYTGAYSGFEGVDENGTPLLNWLRQRGVDEVDVVGIATDHCVRQTAEDAVRNGLATRVLVDLTAGVSADTTVAALEEMRTASVELVCSS!,1,R
MRALIIVDVQNDFCEGGSLAVTGGAALARAISDYLAEAADYHHVVATKDFHIDPGDHFSGTPDYSSSWPPHCVSGTPGADFHPSLDTSAIEAVFYKGAYTGAYSGFEGVDENGTPLLNWLRQRGVDEVDVVGIATDHCVRQTAEDAVRNGLATRVLVDLTADVSADTTVAALEEMRTASVELVCSS!,1,R
MRALIIVDVQNDFCEGGSLAVTGGAALARAISDYLAEAADYHHVVATKDFHIDPGDHFSGTPDYSSSWPPHCVSGTPGADFHPSLDTSAIEAVFYKGAYTGAYSGFEGVDENGTPLLNWLRQRGVDEVDVVGIATDHCVRQTAEDAVRNGLATRVLVDLTAGVSADTTVAALEEMRTASFELVCSS!,1,R
MRALIIVDVQNDFCEGGSLAVTGGAALARAISDYLAEAADYHHVVATKNFHIDPGDHFSGTPDYSSSWPPHCVSGTPGADFHPSLDTSAIEAVFYKGAYTGAYSGFEGVDENGTPLLNWLRQRGVDEVDVVGIATDHCVRQTAEDAVRNGLATRVLVDLTAGVSADTTVAALEEMRTASVELVCSS!,1,R
MRALIIVDVQNDFCEGGSLAVTGGAALARAISDYLAEAADYHHVVATKDFHIDPGDHFSGTPDYSSSWPPHCVSGTPGADFHPSLDTSAIEAVFYKGAYTGAYSGFEGVDENGTPLLNWLRQRGVDEVDVVGIATDHCVRQTAEDEVRNGLATRVLVDLTAGVSADTTVAALEEMRTASVELVCSS!,1,R
MRALIIVDVQNDFCEGGSLAVTGGAALARAISDYLAEAADYHHVVATKNFHIDPGDHFSGTPDYSSSWPPHCVSGTPGADFHPSLDTSAIEAVFYKGAYTRAYSGFEGVDENGTPLLNWLRQRGVDEVDVVGIATDHCVRQTAEDAVRNGLATRVLVDLTAGVSADTTVAALEEMRTASVELVCSS!,2,R
MRALIIVDVQNDFCEGGSLAVTGGAALARAISDYLAEAADYHHVVATKDFHIDPGDHFSGTPDYSSSWPPHCVSGTPGADFHPSLDTSAIEAVFYKGAYTGAYSGFEGGDENGTPLLNWLRQRGVDEVDVVGIATDHCVRQTAEDAVRNGLATRVLVDLTAGVSADTTVAALEEMRTASVELVCSS!,1,S
MRALIIVDVQNDFCEGGSLAVTGGAALARAISDYLAEAADYHHVVATKDFHIDPGDHFSGTPDYSSSWPPHCVSGTPGADFHPSLDTSAIEAVFYKGAYTGAYSGFEGVDENGTPLLNWLPQRGVDEVDVVGIATDHCVRQTAEDAVRNGLATRVLVDLTAGVSADTTVAALEEMRTASVELVCSS!,1,S
MRALIIVDVQNDFCEGGSLAVTGGAALARAISDYLAEAADYHHVVATKDFHIDPGDHFSGTPDYSSSWPPHCVSGTPGADFHPSLDTSAIEAVFYKGAYTGAYSGFEGVDENGTPLLNWLRQRGVDEVDVVGIATYHCVRQTAEDAVRNGLATRVLVDLTAGVSADTTVAALEEMRTASVELVCSS!,1,R
MRALIIVDVQNDFCEGGSLAVTGGAALARAISDYLAEAADYHHVVATKDFHIDPGDHFSGTPDYSSSWPPHCVSGTPGADFHPSLDTSAIEAVFYKGAYTGAYSGFEGVDENGTPLLNWLRQRGVDEVDVVGIATDHCVRQTAEDAVRNGLATRVLVDLPAGVSADTTVAALEEMRTASVELVCSS!,1,R
MRALIIVDVQNDFCEGGSLAVTGGAALARAISDYLAEAADYHHVVATKDFHIDPGDHFSGTPDYSSSWPPHCVSGTPGADFHPSLDTSAIEAVFYKGAYTGAYSGFEGVDENGTPLLNWLRQRGVDEVDVVGIATDHCVRQTAEDAVRNGLATRVLVDLTAGVSADTTVAALEEMRTASVEFVCSS!,1,S
MRALIIVDVQNDFCEGGSLAVTGGAALARAISDYLAEAADYHHVVATKDFHIDPGDHFSGTPDYSSSWSPHCVSGTPGADFHPSLDTSAIEAVFYKGAYTGAYSGFEGVDENGTPLLNWLRQRGVDEVDVVGIATDHCVRQTAEDAVRNGLATRVLVDLTAGVSADTTVAALEEMRTASVELVCSS!,1,S
MRALIIVDVQNDFCEGGSLAVTGGAALARAISDYLAEAADYHHVVATKDFHIDPGDHFSGTPDYSSSLPPHCVSGTPGADFHPSLDTSAIEAVFYKGAYTGAYSGFEGVDENGTPLLNWLRQRGVDEVDVVGIATDHCVRQTAEDAVRNGLATRVLVDLTAGVSADTTVAALEEMRTASVELVCSS!,1,R
MRALIIVDVQNDFCEGGSLAVTGGAALARAISDYLAEAADYHHVVATKDFHIDPGDHFSGTPDYPSSWPPHCVSGTPGADFHPSLDTSAIEAVFYKGAYTGAYSGFEGVDENGTPLLNWLRQRGVDEVDVVGIATDHCVRQTAEDAVRNGLATRVLVDLTAGVSADTTVAALEEMRTASVELVCSS!,1,S
MRALIIVDVQNDFCEGGSLAVTGGAALARAISDYLAEAADYHHVVATKDFHIDPGDHFSGTPDYSSSWPPHCVSGTPGADFHPSLDTSAIEAVFYKGAYTGAYSGFEGVDENGTPLLNWLRQRGVDEVDVVGIATDPCVRQTAEDAVRNGLATRVLVDLTAGVSADTTVAALEEMRTASVELVCSS!,1,R
MRALIIVDVQNDFCEGGSLAVTGGAALARAISDYLAEAADYHHVVATKDFHIDPGDHFSGTPDYSSSWPPHCVSGTPGADFHPSLDTSAIEAVFYTGAYTGAYSGFEGVDENGTPLLNWLRQRGVDEVDVVGIATDHCVRQTAEDAVRNGLATRVLVDLTAGVSADTTVAALEEMRTASVELVCSS!,1,R
MRALIIVDVQNDFCEGGSLAVTGGAALARAISDYLAEAADYHHVVATKDFHIDPGDHFSGTPDYSSSWPPHCVSGTPGADSHPSLDTSAIEAVFYKGAYTGAYSGFEGVDENGTPLLNWLRQRGVDEVDVVGIATDHCVRQTAEDAVRNGLATRVLVDLTAGVSADTTVAALEEMRTASVELVCSS!,1,S
TRALIIVDVQNDFCEGGSLAVTGGAALARATSDYLAEAADYHHVVATKDFHIDPGDHFSGTPDYSSSWPPHCVSGTPGADFHPSLDTSAIEAVFYKGAYTGAYSGFEGVDENGTPLLNWLRQRGVDEVDVVGIATDHCVRQTAEDAVRNGLATRVLVDLTAGVSADTTVAALEEMRTASVELVCSS!,2,R
MRALIIVDVQNDFCEGGSLAVTGGAALAPAISDYLAEAADYHHVVATKDFHIDPGDHFSGTPDYSSSWPPHCVSGTPGADFHPSLDTSAIEAVFYKGAYTGAYSGFEGVDENGTPLLNWLRQRGVDEVDVVGIATDHCVRQTAEDAVRNGLATRVLVDLTAGVSADTTVAALEEMRTASVELVCSS!,1,S
MRALIIVDVQNDFCEGGSLAVTGGAALARAISDYLAEAADYHHVVATKDFHIDPGDHFSGTPDYSSSWPPHCVSGTPGADFHPSLDTSAIEAVFYKGAYTGAYSGFEGVDENGTPLLNWLRQRGVDEVDVVGIATDHCVRQTAEDPVRNGLATRVLVDLTAGVSADTTVAALEEMRTASVELVCSS!,1,R
MRALIIVDVQNDFCEGGSLAVTGGAALARAISDYLAEAADYHHVVATKDFHIDPGDHFSGTPDYSSSWPPHCVSGTPGADFHPSLDTSAIEAVFYKGAYTRAYSGFEGVDENGTPLLNWLRQRGVDEVDVVGIATDHCVRQTAEDAVRNGLATRVLVDLTAGVSADTTVAALEEMRTASVELVCSS!,1,S
MRALIIVDVQNDFCEGGSLAVTGGAALARAISDYLAEAADYHHVVATKDFHIDPGDHFSGTPDYSSSWPPHCVSGTPGADFHPSLDTSAIEAVFYKGAYTGAYSGFEGVDENGTPLLNWLRQRGVDEVDVVGIATDHCVRQTAEDAVRNGLATRVLVDLKAGVSADTTVAALEEMRTASVELVCSS!,1,R
MPALIIVDVQNDFCEGGSLAVTGGAALARAISDYLAEAADYHHVVATKDFHIDPGDHFSGTPDYSSSWPPHCVSGTPGADFHPSLDTSAIEAVFYKGAYTGAYSGFEGVDENGTPLLNWLRQRGVDEVDVVGIATDHCVRQTAEDAVRNGLATRVLVDLTAGVSADTTVAALEEMRTASVELVCSS!,1,S
MRALIIVDVQNDFCEGGSLAVTGGAALARAISDYLAEAADYHHVVATKDFYIDPGDHFSGTPDYSSSWPPHCVSGTPGADFHPSLDTSAIEAVFYKGAYTGAYSGFEGVDENGTPLLNWLRQRGVDEVDVVGIATDHCVRQTAEDAVRNGLATRVLVDLTAGVSADTTVAALEEMRTASVELVCSS!,1,R
MRALIIVDVQNDFCEGGSLAVTGGAALARAISDYLAEAADYHHVVATKDFHIDPGDHFSGTPDYSSSWPPHCVSGTPGADFHPSLDTSAIEAVSYKGAYTGAYSGFEGVDENGTPLLNWLRQRGVDEVDVVGIATDHCVRQTAEDAVRNGLATRVLVDLTAGVSADTTVAALEEMRTASVELVCSS!,1,R
MRALIIVDVQNDFCEGGSLAVTGGAALARAISDYLAEAADYHHVVATKDFHIDPGDHFSGTPDYSSSWPPHCVSGTPGADFHPSLDTSAIEAVFYKGAYTGAYSGFEGVDENGTLLLNWLRQRGVDEVDVVGIATDHCVRQTAEDAVRNGLATRVLVDLTAGVSADTTVAALEEMRTASVELVCSS!,1,S
MRALIIVDVQNDFCEGGSLAVTGGAALARAISDYLAEAADYHHVVATKDFHIDPGDHSSGTPDYSSSWPPHCVSGTPGADFHPSLDTSAIEAVFYKGAYTGAYSGFEGVDENGTPLLNWLRQRGVDEVDVVGIATDHCVRQTAEDAVRNGLATRVLVDLTAGVSADTTVAALEEMRTASVELVCSS!,1,R
MRALIVVDVQNDFCEGGSLAVTGGAALARAISDYLAEAADYHHVVATKDFHIDPGDHFSGTPDYSSSWPPHCVSGTPGADFHPSLDTSAIEAVFYKGAYTGAYSGFEGVDENGTPLLNWLRQRGVDEVDVVGIATDHCVRQTAEDAVRNGLATRVLVDLTAGVSADTTVAALEEMRTASVELVCSS!,1,S
MRALITVDVQNDFCEGGSLAVTGGAALARAISDYLAEAADYHHVVATKDFHIDPGDHFSGTPDYSSSWPPHCVSGTPGADFHPSLDTSAIEAVFYKGAYTGAYSGFEGVDENGTPLLNWLRQRGVDEVDVVGIATDHCVRQTAEDAVRNGLATRVLVDLTAGVSADTTVAALEEMRTASVELVCSS!,1,R
MRALIIVDVQNDFCEGGSLAVTGGAALARAISDYLAEAADYHHVVATKDFHIDPGDHFSGTPDYSSSWPPHCVSGTPGADFHPSLDTSAIEAVFYKGAYTGAYSGFEGVDENGTSLLNWLRQRGVDEVDVVGIATDHCVRQTAEDAVRNGLATRVLVDLTAGVSADTTVAALEEMRTASVELVCSS!,1,S
MRALIIVDVQNDFCEGGSLAVTGGAALARAISDYLAEAADYHHVVATKDFHIDPGDHFSGTPDYSSSWPPHCVSGTPGADFHPSLDTSAIEAVFYKGAYTGAYSGFEGVDENGTPLLNWLRQRGVDEVDVVGIATDHCVRQTAEDAVRNGLATRVLVDLTAGVSADTPVAALEEMRTASVELVCSS!,1,R
MRALIIVDVQNDFCEGGSLAVTGGAALARAISDYLAEAADYHHVVATKDFHIDPGDHFSGTPDYSSSWPPHCVSGTPGADFHPSLDTSAIEAVFYKGAYTGAYSGFEGVDENGTPLLNWLRQRGVDEVDVVGIATDQCVRQTAEDAVRNGLATRVLVDLTAGVSADTTVAALEEMRTASVELVCSS!,1,S
MRALIIVDVQNDFCEGGSLAVTGGAALARAISDYLAEAADYHHVVATKDFHIDPGDHFSGTPDYSSSWPPHCVSGTPGADFHPSLDTSAIEAVFYKGAYTGAYSVFEGVDENGTPLLNWLRQRGVDEVDVVGIATDHCVRQTAEDAVRNGLATRVLVDLTAGVSADTTVAALEEMRTASVELVCSS!,1,R
MRALIIVDVQNDFCEGGSLAVTGGAALARAISDYLAEAADYHHVVATKDFHIDPGDHFSGTPDYSSSWPPHCVSGTPGADFHPSLDTSAIEAVFYKGAYTGAYSGFEGVDENGTPLLNWLRQRGVDEVDVVGIATDHCVRQTAEDAVRNGLATRVLLDLTAGVSADTTVAALEEMRTASVELVCSS!,1,S
MRALIIVDVQNDFCEGGSLAVTGGAALARAISDYLAEAADYHHVVATKDFHIDPGDHFSGTPDYSSSWPPHCVSGTPGADFHPSLDMSAIEAVFYKGAYTGAYSGFEGVDENGTPLLNWLRQRGVDEVDVVGIATDHCVRQTAEDAVRNGLATRVLVDLTAGVSADTTVAALEEMRTASVELVCSS!,1,S
MQALIIVDVQNDFCEGGSLAVTGGAALARAISDYLAEAADYHHVVATKDFHIDPGDHFSGTPDYSSSWPPHCVSGTPGADFHPSLDTSAIEAVFYKGAYTGAYSGFEGVDENGTPLLNWLRQRGVDEVDVVGIATDHCVRQTAEDAVRNGLATRVLVDLTAGVSADTTVAALEEMRTASVELVCSS!,1,S
MRALIIVDVQNDFCEGGSLAVTGGAALARAISDYLAEAADYHHVVATKDFHIDPGDHFSGTPDYSSSWPPHCVSGTPGTDFHPSLDTSAIEAVFYKGAYTGAYSGFEGVDENGTPLLNWLRQRGVDEVDVVGIATDHCVRQTAEDAVRNGLATRVLVDLTAGVSADTTVAALEEMRTASVELVCSS!,1,S
MRALIIIDVQNDFCEGGSLAVTGGAALARAISDYLAEAADYHHVVATKDFHIDPGDHFSGTPDYSSSWPPHCVSGTPGADFHPSLDTSAIEAVFYKGAYTGAYSGFEGVDENGTPLLNWLRQRGVDEVDVVGIATDHCVRQTAEDAVRNGLATRVLVDLTAGVSADTTVAALEEMRTASVELVCSS!,1,R
MRALIIVDVQNDFCEGGSLAVTGGAALARAISDYLAEAADYHHVVATKDFHIDPGDHFPGTPDYSSSWPPHCVSGTPGADFHPSLDTSAIEAVFYKGAYTGAYSGFEGVDENGTPLLNWLRQRGVDEVDVVGIATDHCVRQTAEDAVRNGLATRVLVDLTAGVSADTTVAALEEMRTASVELVCSS!,1,R
MRALIIVDVQNDFCEGGSLAVTGGAALARAISDYLAEAADYHHVVATKDFHIDPGDHFSGTPDYSSSCPPHCVSGTPGADFHPSLDTSAIEAVFYKGAYTGAYSGFEGVDENGTPLLNWLRQRGVDEVDVVGIATDHCVRQTAEDAVRNGLATRVLVDLTAGVSADTTVAALEEMRTASVELVCSS!,1,R
MRALIIVDVQNDFCEGGSLAVTGGAALARAISDYLAEAADYHHVVATKDFHIDPGDHFCGTPDYSSSWPPHCVSGTPGADFHPSLDTSAIEAVFYKGAYTGAYSGFEGVDENGTPLLNWLRQRGVDEVDVVGIATDHCVRQTAEDAVRNGLATRVLVDLTAGVSADTTVAALEEMRTASVELVCSS!,1,R
MRALIIVDVQNDFCEGGSLAVTGGAALARAISDYLAEAADYHHVVATKDFHIDPGDHFSGTPDYSSSWPPHCVSGTPGADFHPSLDTSAIEAVFYKGAYTGAYSGFEGVDENGTPLLNWLRQRGVDEVDVVGIATDHCVRQTAEDAVRNGLAPRVLVDLTAGVSADTTVAALEEMRTASVELVCSS!,1,S
MRALIIVDVQNDFCEGGSLAVTGGAALARAISDYLAEAADYHHVVAIKDFHIDPGDHFSGTPDYSSSWPPHCVSGTPGADFHPSLDTSAIEAVFYKGAYTGAYSGFEGVDENGTPLLNWLRQRGVDEVDVVGIATDHCVRQTAEDAVRNGLATRVLVDLTAGVSADTTVAALEEMRTASVELVCSS!,1,S
MRALIIVDVQNDFCEGGSLAVTGGAALARAISDYLAEAADYHHVVATKDFHIDPGDHFSGTPDYSSSWPPHCVSGTPGADFHPSLDTSAIEAVFYKGAYTGAYSGFEGVDENGTPLLNWLRQRGVDEVDVVGIATDHCVRQTAEDAVRNGLATRVLVDLTAGVSADTIVAALEEMRTASVELVCSS!,1,S
MRALIIVDVQNDFCEGGSLAVTGGAALARAISDYLAEAADYHHVVATKDFHIDQGDHFSGTPDYSSSWPPHCVSGTPGADFHPSLDTSAIEAVFYKGAYTGAYSGFEGVDENGTPLLNWLRQRGVDEVDVVGIATDHCVRQTAEDAVRNGLATRVLVDLTAGVSADTTVAALEEMRTASVELVCSS!,1,R
MRALIIVDVQNDFCEGGSLAVTGGAALARAISDYLAEAADYHHVVATKDFHIDPGDHFSGTPDYSLSWPPHCVSGTPGADFHPSLDTSAIEAVFYKGAYTGAYSGFEGVDENGTPLLNWLRQRGVDEVDVVGIATDHCVRQTAEDAVRNGLATRVLVDLTAGVSADTTVAALEEMRTASVELVCSS!,1,S
MRALIIVDVQNDFCEGGSLAVTGGAALARVISDYLAEAADYHHVVATKDFHIDPGDHFSGTPDYSSSWPPHCVSGTPGADFHPSLDTSAIEAVFYKGAYTGAYSGFEGVDENGTPLLNWLRQRGVDEVDVVGIATDHCVRQTAEDAVRNGLATRVLVDLTAGVSADTTVAALEEMRTASVELVCSS!,1,S
MRALIIVDVQNDFCEGGSLAVTGGAALARAISDYLAEAADYHHVVATKDFHIDPGDHFSGTPDYSSSWPPHCVSGTPGADFHPSLDTSAIEAVFYKGAYTGAYSGFEGVDENGTPLLNWLRQRGVDEVDVVGIATDHCVRQTAEDAVRNGLATRVLVDLTAGVSADTTVAALEEMRTASGELVCSS!,1,R
MRALIIVDVQNDFCEGGSLAVTGGAALARAISDYLAEAADYHHVVATKDFHIDPGDHFSGTPDYSSSWPPHCVSGTPGADFHPSLDTSAIEAVFYKGAYTGAYSGFEGVDENGTPLLNWLRQRGVDEVDVVGIATDHCVRQTAEDAVSNGLATRVLVDLTAGVSADTTVAALEEMRTASVELVCSS!,1,S
MRALIIVDVQNDFCEGGSLAVTGGAALARAISDYLAEAADYHHVVATKDFDIDPGDHFSGTPDYSSSWPPHCVSGTPGADFHPSLDTSAIEAVFYKGAYTGAYSGFEGVDENGTPLLNWLRQRGVDEVDVVGIATDHCVRQTAEDAVRNGLATRVLVDLTAGVSADTTVAALEEMRTASVELVCSS!,1,R
MRALIIVDVQNDFCEGGSLAVTGGAALARAIIDYLAEAADYHHVVATKDFHIDPGDHFSGTPDYSSSWPPHCVSGTPGADFHPSLDTSAIEAVFYKGAYTGAYSGFEGVDENGTPLLNWLRQRGVDEVDVVGIATDHCVRQTAEDAVRNGLATRVLVDLTAGVSADTTVAALEEMRTASVELVCSS!,1,R
MRALIIVDVQNDFCEGGSLAVTGGAALARAISDYLAEAADYHHVVATKDFHIDPGDHFSGTPDYSSSWPPHCVSGTPGADFHPSLDTSAIEAVFYKGAYTGAYSGFEGVDENGTPLLNWLRQRGVDEVDVVGIATEHCVRQTAEDAVRNGLATRVLVDLTAGVSADTTVAALEEMRTASVELVCSS!,1,S
MRALIIVDVQNDFCEGGSLAVTGGAALARAISDYLAEAADYHHVVATKDFHIDPGDHFSGTPDYSSSWPPHCVSGTPGADFHPSLDTSAIEAVFYKGAYTGAYSGFEGVDENGTPLLNWLRQRGVDEVDGVGIATDHCVRQTAEDAVRNGLATRVLVDLTAGVSADTTVAALEEMRTASVELVCSS!,1,R
MRALIIVDVQNDFCEGGSLAVTGGAALARAISDYLAEAADYHHVVATKDFHIDPGDHFSGTPDYSSSWPPHCVSGTPGADFHPSLDTSAIEAVFYKGAYTGAYSGFEGVDENGTPLLNWLRQRGVDEVDVVGIATDHCVRQTVEDAVRNGLATRVLVDLTAGVSADTTVAALEEMRTASVELVCSS!,1,S
MRALIIVDVQNDFCEGGSLAVTGGAALARAISDYLAEAADYHHVVATKDFHIDPGDHFSGTPDYSSSWPPHCVSGTPGADFHPSLDTSAIEAVFYKGAYTGAYSGFEGVDENGPPLLNWLRQRGVDEVDVVGIATDHCVRQTAEDAVRNGLATRVLVDLTAGVSADTTVAALEEMRTASVELVCSS!,1,R
IRALIIVDVQNDFCEGGSLAVTGGAALARAISDYLAEAADYHHVVATKDFHIDPGDHFSGTPDYSSSWPPHCVSGTPGADFHPSLDTSAIEAVFYKGAYTGAYSGFEGVDENGTPLLNWLRQRGVDEVDVVGIATDHCVRQTAEDAVRNGLATRVLVDLTAGVSADTTVAALEEMRTASVELVCSS!,1,S
MRALIIVDVQNDFCEGGSLAVTGGAALARAISDYLAEAADYHHVVATKDFHIDPGDHFSGTPDYSSSWPPHCVSGTPGADFHPSLDTSAIEAVFYKGAYTGAYSGFEGVDENGTPLLNWLRQRGVDEVDVVSIATDHCVRQTAEDAVRNGLATRVLVDLTAGVSADTTVAALEEMRTASVELVCSS!,1,R
MRALIIVDVQNDFCEGGSLAVTGGAALARAISDYLAEAADYHHVVATKDFHIDPGDHFSGTPDYSSSWPPHCVSGTPGADFHPSLDTSAIEAVFYKGAYTGAYSGFEGVDENGTPLLNGLRQRGVDEVDVVGIATDHCVRQTAEDAVRNGLATRVLVDLTAGVSADTTVAALEEMRTASVELVCSS!,1,R
MRALIIVDVHHDFCEGGSLAVTGGAALARAISDYLAEAADYHHVVATKDFHIDPGDHFSGTPDYSSSWPPHCVSGTPGADFHPSLDTSAIEAVFYKGAYTGAYSGFEGVDENGTPLLNWLRQRGVDEVDVVGIATDHCVRQTAEDAVRNGLATRVLVDLTAGVSADTTVAALEEMRTASVELVCSS!,2,R
MRALIIVDVQNDFCEGGSLAVTGGAALARAISDYLAEAADYHHVVATKDFHIDPGDHFSGTPDYSSSWPPHCVSGTPGADFHPSLDTSAIEAVFYKGAYTGAYSGFEGVDENGTPLLNWLRQRGVDEVDVVGIATDHCVRQTAEDAVRNGLATRVLVDLTAGVSADTTVAALEETRTASVELVCSS!,1,R
MRALIIVDVQNDFCEGGSLAVTGGAALARAISDYLAEAADYHHVVATKDFHIDPGDHFSGTPDYSSSSPPHCVSGTPGADFHPSLDTSAIEAVFYKGAYTGAYSGFEGVDENGTPLLNWLRQRGVDEVDVVGIATDHCVRQTAEDAVRNGLATRVLVDLTAGVSADTTVAALEEMRTASVELVCSS!,1,R
MRALIIVDVQNDFCEGGSLAVTGGAALARAISDYLAEAADYHHVVATKDFHIDPGDHFSGTPDYSSSWPPHCVSGTPGADFHPSLDTSAIEAVFYKGAYTGASSGFEGVDENGTPLLNWLRQRGVDEVDVVGIATDHCVRQTAEDAVRNGLATRVLVDLTAGVSADTTVAALEEMRTASVELVCSS!,1,R
MRALIIVDVQNDFCEGGSLAVTGGAALARAISDYLAEAADYHHVVATKDFHIDPGDHFSGTPDYSSSWPPHCVSGTPGADFHPSLDTSAIEAVFYKGAYTGRYSGFEGVDENGTPLLNWLRQRGVDEVDVVGIATDHCVRQTAEDAVRNGLATRVLVDLTAGVSADTTVAALEEMRTASVELVCSS!,1,S
MRALIIVDVQNDFCEGSSLAVTGGAALARAISDYLAEAADYHHVVATKDFHIDPGDHFSGTPDYSSSWPPHCVSGTPGADFHPSLDTSAIEAVFYKGAYTGAYSGFEGVDENGTPLLNWLRQRGVDEVDVVGIATDHCVRQTAEDAVRNGLATRVLVDLTAGVSADTTVAALEEMRTASVELVCSS!,1,S
MRALIIVDVQNDFCEGGSLAVTGGAALARAISDYLAEAADYHHVVATKEFHIDPGDHFSGTPDYSSSWPPHCVSGTPGADFHPSLDTSAIEAVFYKGAYTGAYSGFEGVDENGTPLLNWLRQRGVDEVDVVGIATDHCVRQTAEDAVRNGLATRVLVDLTAGVSADTTVAALEEMRTASVELVCSS!,1,R
MRALIIVDVQNDFCEGGPLAVTGGAALARAISDYLAEAADYHHVVATKDFHIDPGDHFSGTPDYSSSWPPHCVSGTPGADFHPSLDTSAIEAVFYKGAYTGAYSGFEGVDENGTPLLNWLRQRGVDEVDVVGIATDHCVRQTAEDAVRNGLATRVLVDLTAGVSADTTVAALEEMRTASVELVCSS!,1,S
MRALIIVDVQNDFCEGGSLAVTGGAALARAISDYLAEAADYHHVVATKDFHIDPGDHFSGTPDYSSSWPPHCVSGTPGADFHPSLDTSAIEAVFYKGAYTGAYSGFEGVDENGTPLLNWLRQRGVDEVDVVGIATDHCVRQTTEDAVRNGLATRVLVDLTAGVSADTTVAALEEMRTASVELVCSS!,1,S
MRALIIVDVQNDFCEGGSLAVTGGAALARAISDYLAEAADYHHVVTTKDFHIDPGDHFSGTPDYSSSWPPHCVSGTPGADFHPSLDTSAIEAVFYKGAYTGAYSGFEGVDENGTPLLNWLRQRGVDEVDVVGIATDHCVRQTAEDAVRNGLATRVLVDLTAGVSADTTVAALEEMRTASVELVCSS!,1,S
MRALIIVDVQNDFCEGGSLAVTGGAALARAISDYLAEAADYHHVVATKDFHIDPGDHFSGTPDYSSSWPPHCVSGTPGADFHPSLDTSAIEAVFYKGAYTGTYSGFEGVDENGTPLLNWLRQRGVDEVDVVGIATDHCVRQTAEDAVRNGLATRVLVDLTAGVSADTTVAALEEMRTASVELVCSS!,1,R
MRALIIVDVQNDFCEGGSLAVTGGAALARAISDYLAEAADYHHVVATKDFHIDPGDHFSGTPDYSSSWPPHCVSGTPGADFHPSLDTSAIEAVFYKGAYTGAYSGFEGVDENGTPLLNWLRQRGVDEVDVVGIATDRCVRQTAEDAVRNGLATRVLVDLTAGVSADTTVAALEEMRTASVELVCSS!,1,S
MRALIIVDVQNDFCEGGSLAVTGGAALARAISDYLAEAADYHHVVATKDFHIDPGDYFSGTPDYSSSWPPHCVSGTPGADFHPSLDTSAIEAVFYKGAYTGAYSGFEGVDENGTPLLNWLRQRGVDEVDVVGIATDHCVRQTAEDAVRNGLATRVLVDLTAGVSADTTVAALEEMRTASVELVCSS!,1,R
MRALIIVDVQNDFCEGGSLAVTGGAALARAISDYLAEAADYHHVVATKDFHIDPGDHFSGTPDYSSSWPPQCVSGTPGADFHPSLDTSAIEAVFYKGAYTGAYSGFEGVDENGTPLLNWLRQRGVDEVDVVGIATDHCVRQTAEDAVRNGLATRVLVDLTAGVSADTTVAALEEMRTASVELVCSS!,1,R
MRALIIVDVQNDFCEGGSLAVTGGAALARAISDYLAEAADYHHVVATKDFHIDPGDHFSGTPDYSSSWPPHCVSGTPGADFHPSLDTSAIEAVFYKGAYTGAYSGFEGVDENGTPLLNWLRQRGVDEVDVVGIASDHCVRQTAEDAVRNGLATRVLVDLTAGVSADTTVAALEEMRTASVELVCSS!,1,S
MRALIIVDVQNDFCEGGSLAVTGGAALARAISDYLAEAADYHHVVATKDFHIDPGDHFSGTPDYSSSWPPHCVSGTPGADFHPSLDTSAIEAVFYKGAYTGAYSGFEGVDENGTPLLNWLRQRGVDEVDVVGIATDHRVRQTAEDAVRNGLATRVLVDLTAGVSADTTVAALEEMRTASVELVCSS!,1,R
MRALIIVDVQNDFCEGGSLAVTGGAALARAISDYLAEAADYHHVVATKDFHIDPGDHFSGTPDYSSSWPPHCVSGTPGADFHPSLDTSAIEAVFYKGAYTGAYSGFEGVDENGTPLLNWLRQRGVDEVDVVGIATAHCVRQTAEDAVRNGLATRVLVDLTAGVSADTTVAALEEMRTASVELVCSS!,1,R
MRALIIVDVQNDFCEGGSLAVTGGAALARAISDYLAEAADYHHVVATKDFHIDPGDHFSGTPDYSSSWPPHCVSGTPGADFHPSLDTSAIEAVFYKGAYTGAYSGFEGVDENGTPLLNWLRQRGVDEVDVVGSATDHCVRQTAEDAVRNGLATRVLVDLTAGVSADTTVAALEEMRTASVELVCSS!,1,R
MRALIIVDVQNDFCEGGSLAVTGGAALARAISDYLAEAADYHHVVATKDFHIDPGDHFSGTPDYSSSWPPHCVSGTPGADFHPSLDTSAIEAVFYKGAYTGAYSGFEGVDENGTPLLNWLRQRGGDEVDVVGIATDHCVRQTAEDAVRNGLATRVLVDLTAGVSADTTVAALEEMRTASVELVCSS!,1,R
MRALIIVDVQNDFCEGGSLAVTGGAALARAISDYLAEAADYHHVVATKDFHIDPGDHFSGTPDYSSSWPPHRVSGTPGADFHPSLDTSAIEAVFYKGAYTGAYSGFEGVDENGTPLLNWLRQRGVDEVDVVGIATDHCVRQTAEDAVRNGLATRVLVDLTAGVSADTTVAALEEMRTASVELVCSS!,1,R
MRALIIVAVQNDFCEGGSLAVTGGAALARAISDYLAEAADYHHVVATKDFHIDPGDHFSGTPDYSSSWPPHCVSGTPGADFHPSLDTSAIEAVFYKGAYTGAYSGFEGVDENGTPLLNWLRQRGVDEVDVVGIATDHCVRQTAEDAVRNGLATRVLVDLTAGVSADTTVAALEEMRTASVELVCSS!,1,R
MRALIIVDVQNDFCEGGSLAVTGGAALARAISDYLAEAADYHHVVATKDFHIDPGDHFSGTPDYSSSWPPHCVSGTPGADFHPSLDTSAIEAVFYKGAYTGAYSGFEGVDENGTPLLNWLRQRGVDEVYVVGIATDHCVRQTAEDAVRNGLATRVLVDLTAGVSADTTVAALEEMRTASVELVCSS!,1,R
MRALIIVDVQNDFCEGGSLAVTGGAALARAISDYLAEAADYHHVVETKDFHIDPGDHFSGTPDYSSSWPPHCVSGTPGADFHPSLDTSAIEAVFYKGAYTGAYSGFEGVDENGTPLLNWLRQRGVDEVDVVGIATDHCVRQTAEDAVRNGLATRVLVDLTAGVSADTTVAALEEMRTASVELVCSS!,1,R
MRALIIVDVQNDFCEGGSLAVTGGAALARAISDYLAEAADYHHVVATKDFHIDPGDHFSGTPDYSSSWPPHCVSGTPGADFHPSLDTSAIEAVFYKGAYTGAYSGFEGVDENGTPLLNWLRQRGVDEVDVVGIATVHCVRQTAEDAVRNGLATRVLVDLTAGVSADTTVAALEEMRTASVELVCSS!,1,R
MRALIIVDVQNDFCEGGSLAVTGGAALARAISDYLAEAADYHHVVATKDFHIDPGDHFSGTPDYSSSWPPHCVSGTPGADFHPSLDTSAIEAVFYKGAYTGAYSDFEGVDENGTPLLNWLRQRGVDEVDVVGIATDHCVRQTAEDAVRNGLATRVLVDLTAGVSADTTVAALEEMRTASVELVCSS!,1,R
MRALIIVDVQNDFCEGGSLAVTGGAALARAISDYLAEAADYHHVVATKDFHIDPGDHFSGTPDYSSSWPPHCVSGTPGADFHPSLDTSAIEAVFYKGAYTGAYSGFEGVDENGTPLLNWLRQRGVDEVDVFGIATDHCVRQTAEDAVRNGLATRVLVDLTAGVSADTTVAALEEMRTASVELVCSS!,1,R
MRALIIVDVQNDFCEGGSLAVTGGAALARAISDYLAEAADYHHVVATKDFHIDPGDHFSGTPDYSSSWPPHCVSGTLGADFHPSLDTSAIEAVFYKGAYTGAYSGFEGVDENGTPLLNWLRQRGVDEVDVVGIATDHCVRQTAEDAVRNGLATRVLVDLTAGVSADTTVAALEEMRTASVELVCSS!,1,S
MRALIIVDVQNDFCEGGSLAVTGGAALARAISDYLAEAADYHHVVATKDFHIDPGDHFSGTPDYSSSWPPHCVSGTPGADFHPSLDTSAIEAVFYKGAYTGAYSGFEGVDENGTPLLNWLRQRGVDEVDVVGIDTDHCVRQTAEDAVRNGLATRVLVDLTAGVSADTTVAALEEMRTASVELVCSS!,1,S
MRALIIVDVQNDFCEGGSLAVTGGAALARAISDYLAEAADYHHVVATKDFHIDPGDHFSGTPDYSSSWPPHCVSGTPGADFHPSLDTSAIEAVFYKGAYTGAYSGFEGVDENGTPLLNWLRQRGVDEVDVVGIATDYCVRQTAEDAVRNGLATRVLVDLTAGVSADTTVAALEEMRTASVELVCSS!,1,S
MRALIIVDVQNDFCEGGSLAVTGGAALARAISDYLAEAADYHHVVATKDFHIDPGDPFSGTPDYSSSWPPHCVSGTPGADFHPSLDTSAIEAVFYKGAYTGAYSGFEGVDENGTPLLNWLRQRGVDEVDVVGIATDHCVRQTAEDAVRNGLATRVLVDLTAGVSADTTVAALEEMRTASVELVCSS!,1,R
MRALIIVDVQNDFWEGGSLAVTGGAALARAISDYLAEAADYHHVVATKDFHIDPGDHFSGTPDYSSSWPPHCVSGTPGADFHPSLDTSAIEAVFYKGAYTGAYSGFEGVDENGTPLLNWLRQRGVDEVDVVGIATDHCVRQTAEDAVRNGLATRVLVDLTAGVSADTTVAALEEMRTASVELVCSS!,1,S
MRALIIVDVQNDFCEGGSLAVTGGAALARAISDYLAEAADYHHVVATKDFHIDPGDHFSGTPDYSSSWPPHCVSGTPGADFHPSLDTSAIEAVFYKGAYTGAYSGFEGVDENGTPLLNWLRQRGVDEVDVVGIATDHCVRQTAEDAVRNGLATRVLVDLTAGVSADTTVAALEEMRTASVELLCSS!,1,S
MRALIIVDVQNDFCEGGSLAVTGGAALARAISDYLAEAADYHHVVATKDFHIDPGDHFSGTPDYSSSWPPHCVSGTPGADCHPSLDTSAIEAVFYKGAYTGAYSGFEGVDENGTPLLNWLRQRGVDEVDVVGIATDHCVRQTAEDAVRNGLATRVLVDLTAGVSADTTVAALEEMRTASVELVCSS!,1,R
MRALIIVDVQNDFCEGGSLAVTGGAALARAISDYLAEAADYHHVVATKDFHIDPGDHFSGTPDYSSSWPPHCVSGTPGADFHPSLDTSAIEAVFYKGAYPGAYSGFEGVDENGTPLLNWLRQRGVDEVDVVGIATDHCVRQTAEDAVRNGLATRVLVDLTAGVSADTTVAALEEMRTASVELVCSS!,1,R
MRALIIVDVQNDFCEGGSLAVTGGAALARAISDYLAVAADYHHVVATKDFHIDPGDHFSGTPDYSSSWPPHCVSGTPGADFHPSLDTSAIEAVFYKGAYTGAYSGFEGVDENGTPLLNWLRQRGVDEVDVVGIATDHCVRQTAEDAVRNGLATRVLVDLTAGVSADTTVAALEEMRTASVELVCSS!,1,S
MRALIIVDVQNDFCEGGSLAVTGGAALARAISDYLAEAADYHHVVATKDFHIDPGDHFSGTPDYSSSWPPHCVSGTPGADFHPSLDTSAIEAVFYKGAYTGAYSGFEGVDENGTPLLNWLRQRGVDEVDVVGIATDHCVRQTAEDAVRNGLATRVLVDRTAGVSADTTVAALEEMRTASVELVCSS!,1,R
MRALIIVDVQNDFCEGGSLAVTGGAALARAISDYLAEAADYHHVVATKDFHIDPGDHFSGTPDYSSSWPPHCVSGTPGADFHPSLDTSAIEAVFYKGAYTGADSGFEGVDENGTPLLNWLRQRGVDEVDVVGIATDHCVRQTAEDAVRNGLATRVLVDLTAGVSADTTVAALEEMRTASVELVCSS!,1,R
MRALIIVDVQNDFCEGGSLAVTGGAALARAISDYLAEAADYHHVVATKDFHIDPGDHFSGTPDYSSSWPPHCVSGTPGADFHPSLDTSAIEAVFYKGAYTGAYSGFEGVDENGTPLLNWLRQRGVDEVDVVGIATDHCVRQTAEDAVRNGLATRVLVDLRAGVSADTTVAALEEMRTASVELVCSS!,1,R
MRALIIVDVQNDFCEGGSLAVTGGAALARAISDYLAEAADYHHVVATKDFHIDPGDHFSGTPDYSSSWPPHCVSGTPGADFHPSLDTSAIEAVFYKGAYTGAYSGFEEVDENGTPLLNWLRQRGVDEVDVVGIATDHCVRQTAEDAVRNGLATRVLVDLTAGVSADTTVAALEEMRTASVELVCSS!,1,R
MRALIIVDVQNDFCEGGSLAVTGGAALARAISDYLAEAADYHHVVATKDFHIDPGDHFSGTLDYSSSWPPHCVSGTPGADFHPSLDTSAIEAVFYKGAYTGAYSGFEGVDENGTPLLNWLRQRGVDEVDVVGIATDHCVRQTAEDAVRNGLATRVLVDLTAGVSADTTVAALEEMRTASVELVCSS!,1,R
MRALIIVDVQNDFCEGGSLAVTGGAALARAISDYLAEAADYHHVVATKDFHIDPGDHFSGTPDYSSSWPPHCVSGTPGADFHPSLDTSAIEAVFYKGAYTGAYSGFEGVDENGMPLLNWLRQRGVDEVDVVGIATDHCVRQTAEDAVRNGLATRVLVDLTAGVSADTTVAALEEMRTASVELVCSS!,1,S
MRALIIVDVQNDFCEGGSLAVTGGAALARAISDYLAEAADYHHVVATKDFHIDPGDHFSGTPDYSSSWPPHCVSGTPGEDFHPSLDTSAIEAVFYKGAYTGAYSGFEGVDENGTPLLNWLRQRGVDEVDVVGIATDHCVRQTAEDAVRNGLATRVLVDLTAGVSADTTVAALEEMRTASVELVCSS!,1,R
MRALIIVDVQNDFCEGGSLAVTGGAALARAISDYLAEAADYHHVAATKDFHIDPGDHFSGTPDYSSSWPPHCVSGTPGADFHPSLDTSAIEAVFYKGAYTGAYSGFEGVDENGTPLLNWLRQRGVDEVDVVGIATDHCVRQTAEDAVRNGLATRVLVDLTAGVSADTTVAALEEMRTASVELVCSS!,1,S
MRALIIVDVQNDFCEGGSLAVTGGAALARAISDYLAEAADYHHVVATKDFHIDPGDHFSGTPDYSSSWPPHCVSGTPGADFHPSLDTSAIEAVFYKGAYTGAYSGFEGVDENGTPLLNWLRQPGVDEVDVVGIATDHCVRQTAEDAVRNGLATRVLVDLTAGVSADTTVAALEEMRTASVELVCSS!,1,R
MRALIIVDVQNDFCEGGSLAVTGGAALARAISDYLAEAADYHHVVATKDFHIDPGDHFSGTPDYSSSWPPHCVSGTPGADFHPSLDTSAIEAVFYKGAYTGAYSGFEGVDENGTPLLNWLRQRGVDEVDVVGIATDHCVPQTAEDAVRNGLATRVLVDLTAGVSADTTVAALEEMRTASVELVCSS!,1,R
MRALIIVDVQNDFCEGGSLAVTGGAALARAISDYLAEAADYHHVVATKDFHIDPGDHFSGTPDYSSSWPPHCVSGTPGADFHPSLDTSAIEAVFYKGAYTGAYSGFEGVDENGTPLLNWLRQRGVDEVDVVDIATDHCVRQTAEDAVRNGLATRVLVDLTAGVSADTTVAALEEMRTASVELVCSS!,1,R
MRELIIVDVQNDFCEGGSLAVTGGAALARAISDYLAEAADYHHVVATKDFHIDPGDHFSGTPDYSSSWPPHCVSGTPGADFHPSLDTSAIEAVFYKGAYTGAYSGFEGVDENGTPLLNWLRQRGVDEVDVVGIATDHCVRQTAEDAVRNGLATRVLVDLTAGVSADTTVAALEEMRTASVELVCSS!,1,R
MRALIIVDVQNDFCEGGSLAVTGGAALARAISDYLAEAADYHHVVATKDFHIDPGDHFSGTPDYSSSWPPHCVSGTPGADFHPSLDTSAIEAVFYKGAYTGAHSGFEGVDENGTPLLNWLRQRGVDEVDVVGIATDHCVRQTAEDAVRNGLATRVLVDLTAGVSADTTVAALEEMRTASVELVCSS!,1,R
MRALIIVDVQNDFCEGASLAVTGGAALARAISDYLAEAADYHHVVATKDFHIDPGDHFSGTPDYSSSWPPHCVSGTPGADFHPSLDTSAIEAVFYKGAYTGAYSGFEGVDENGTPLLNWLRQRGVDEVDVVGIATDHCVRQTAEDAVRNGLATRVLVDLTAGVSADTTVAALEEMRTASVELVCSS!,1,R
MRALIIVDVQNDFCEGGSLAVTGGAALARAISDYLAEAADYHHVVATKDFHIDPGDHFSGTPDYSSSWPPHCVSGTPGADFHPSLDTSAIEAVFYKRAYTGAYSGFEGVDENGTPLLNWLRQRGVDEVDVVGIATDHCVRQTAEDAVRNGLATRVLVDLTAGVSADTTVAALEEMRTASVELVCSS!,1,R
MRALIIVDVQNDFCEGGSLAVTGGAALARAISDYLAEAADYHHVVATKDFHIDPGDHFSGTPDYSSSWPPHCVSGTPGADFHPSLDTSAIEAVFYKGAYTGAYSGSEGVDENGTPLLNWLRQRGVDEVDVVGIATDHCVRQTAEDAVRNGLATRVLVDLTAGVSADTTVAALEEMRTASVELVCSS!,1,R
MRALIIVDVQNDFCEGGSLAVTGGAALARAISDYLAEAADYHHVVATKDFHIEPGDHFSGTPDYSSSWPPHCVSGTPGADFHPSLDTSAIEAVFYKGAYTGAYSGFEGVDENGTPLLNWLRQRGVDEVDVVGIATDHCVRQTAEDAVRNGLATRVLVDLTAGVSADTTVAALEEMRTASVELVCSS!,1,S
MRALIIVDVQNDFCEGGSLAVTGGAALARAISDYLAEAADYHHVVATKDFHIDPGDHFSGTPDYSSSWPPHCVSGTPGVDFHPSLDTSAIEAVFYKGAYTGAYSGFEGVDENGTPLLNWLRQRGVDEVDVVGIATDHCVRQTAEDAVRNGLATRVLVDLTAGVSADTTVAALEEMRTASVELVCSS!,1,S
MRALIIVDVQNDFCEGGSLAVTGGAALARAISDYLAEAADYHHVVATKDFHIDPGDHFSGTPDYSSSWPPHCVSGTPGADFHPSLDTSAIEAVFYKGAYTGAYSGFEGVDENGTPLLNWLRQRSVDEVDVVGIATDHCVRQTAEDAVRNGLATRVLVDLTAGVSADTTVAALEEMRTASVELVCSS!,1,S
MRALIIVDVQNDFCEGGSLAVTGGAALARAISDYLAEAADYHHVMATKDFHIDPGDHFSGTPDYSSSWPPHCVSGTPGADFHPSLDTSAIEAVFYKGAYTGAYSGFEGVDENGTPLLNWLRQRGVDEVDVVGIATDHCVRQTAEDAVRNGLATRVLVDLTAGVSADTTVAALEEMRTASVELVCSS!,1,S
MRALIIVDVQNDFCEGGSLAVTGGAALARAISDYLAEAADYHHVVATKDFHIDPGDHFSGTPDYSSSWPPHCVSGTPGADFHPSLDTSAIEAVFYKGAYTGAYSGFEGVDENGTPLLNWLRQRGVDEVDVVGIATDHCVRQTAEDAVRNGLATRVLVDLTVGVSADTTVAALEEMRTASVELVCSS!,1,S
MRALIIVDVQNDFCEGGSLAVTGGAALARAISDYLAEAADYHHVVATKDFHIDPGDHFSGTPDYSSSWPPHCVSGTPGADFHPSLDTSAIEAVFYKGAYTGAYSGFEGVDENGTPLLNWLRQRGVDEVDVVGIATDHCVRQTSEDAVRNGLATRVLVDLTAGVSADTTVAALEEMRTASVELVCSS!,1,S
MRALIIVDVQNDFCEGGSLAVTGGAALARAISDYLAEAADYHHVVATKDFHIDPGDHFSGTPDYSSSWPPHCVSGTPGADFHPSLDTSAIEAVFYKGAYTGAYSGFEGVDENGTPLLNWLRQRGVDEVDVVGIATDHCVRQTAEDAVRNGLATRVLVDLTAGVSADTTVAALEEMRTAIVELVCSS!,1,S
MRALIIVDVQNDFCEGGSLAVTGGAALARAISDYLAEAADYHHVVATKDFHIDPGDHFSGTPDYSSSWPPHCVSGTPGADFHPSLDTSAIEAVFYKGAYTGAYSGFKGVDENGTPLLNWLRQRGVDEVDVVGIATDHCVRQTAEDAVRNGLATRVLVDLTAGVSADTTVAALEEMRTASVELVCSS!,1,S
MRALIIVDVQNDFCEGGSLAVTGGAALARAISDYLAEAADYHHVVATKDFHIDPGDHFSGTPDYSSSWPPHCVSGTPGADFHPSLDTSAIEAVFYKGAYTGAYSGFEGVDENGTPLLNWLRQRGVDEVDVVGIATDHCVRQTAEDAVRNGLATRVLVDLTAGVSADPTVAALEEMRTASVELVCSS!,1,S
MRALIIVDVQNDFCEGGSLAVTGGAALARAISDYLAEAADYHHVVATKDFHIDPGDHFSGTPDYSSSWPPHCVSGTPGADFHPSLDTSAIEAVFYKGAYTGAYSGFEGVDENGTPLLNWLRQRDVDEVDVVGIATDHCVRQTAEDAVRNGLATRVLVDLTAGVSADTTVAALEEMRTASVELVCSS!,1,S
MRALIIVDVQNDFCEGGSLAVTGGAALARAISDYLAEAADYHHVVATKDFHIDPGDHFSGTPDYSSSWPPHCVSGTPGADFHPSLGTSAIEAVFYKGAYTGAYSGFEGVDENGTPLLNWLRQRGVDEVDVVGIATDHCVRQTAEDAVRNGLATRVLVDLTAGVSADTTVAALEEMRTASVELVCSS!,1,S
MRALIIVDVQNDFCEGGSLAVTGGAALACAISDYLAEAADYHHVVATKDFHIDPGDHFSGTPDYSSSWPPHCVSGTPGADFHPSLDTSAIEAVFYKGAYTGAYSGFEGVDENGTPLLNWLRQRGVDEVDVVGIATDHCVRQTAEDAVRNGLATRVLVDLTAGVSADTTVAALEEMRTASVELVCSS!,1,S
MRALIIVDVQNDFCEGGSLAVTGGAALARAISDYLAEAADYHHVVATKDFHIDPGDHFSGTPDYSSSWPPHCVSGTPGADFHPSLDTSAIEAVFYKGAYTGAYSGFEGVDENGTPLLNWLRQRGVDEVDVVGIATDHCVRQTAENAVRNGLATRVLVDLTAGVSADTTVAALEEMRTASVELVCSS!,1,S
MRALIIVDVQNDFCEGGSLAVTGGAALARAISDYLAEAADYHHVVATKDFHIDPGDHFSGTPDYSSSWPPHCVSGTPGADFHPSLDTSAIEAVFYKGAYTGAYSGFEGVDENGTPLLNWLRERGVDEVDVVGIATDHCVRQTAEDAVRNGLATRVLVDLTAGVSADTTVAALEEMRTASVELVCSS!,1,S
MRALIIVDVQNDFCEGGSLAVTGGAALARAISDYLAEAADYHHVVATKDFHIDPGDHFSGTPDYSSSWPPHCVSGTPGADFHPSLDTSAIEALFYKGAYTGAYSGFEGVDENGTPLLNWLRQRGVDEVDVVGIATDHCVRQTAEDAVRNGLATRVLVDLTAGVSADTTVAALEEMRTASVELVCSS!,1,S
MRALIIVDVQNDFCEGGSLAVTGGAALARAISDYLAEAADYHHVVATKDFHIDPGDHFSGTPDYSSSWPPHCVSGTPGADFHPSLDTSAIEAVFYKGAYTGAYSGFEGVDENGTPLLNWLRQRGVDELDVVGIATDHCVRQTAEDAVRNGLATRVLVDLTAGVSADTTVAALEEMRTASVELVCSS!,1,S
MRALIIVDVQNDFCEGGSLAVTGGAALARAISDYLAEAADYHHVVATKDFHIDPGDHFSGTPDYSSSWPPHCVSGTPGADFHPSLDTSAIEAVFYKGAYTGAYSGFEGVDENGTPLLNWLRQRGVDEVDVVGIATDHCVRQTAEDAVRNGLATRVLVDLTAGLSADTTVAALEEMRTASVELVCSS!,1,S
MRALIIVDVQNDFCEGGSLAVTGVAALARAISDYLAEAADYHHVVATKDFHIDPGDHFSGTPDYSSSWPPHCVSGTPGADFHPSLDTSAIEAVFYKGAYTGAYSGFEGVDENGTPLLNWLRQRGVDEVDVVGIATDHCVRQTAEDAVRNGLATRVLVDLTAGVSADTTVAALEEMRTASVELVCSS!,1,S
MRALIIVDVQNDFCEGGSLAVTGGAALARAISDYLAEAADYHYVVATKDFHIDPGDHFSGTPDYSSSWPPHCVSGTPGADFHPSLDTSAIEAVFYKGAYTGAYSGFEGVDENGTPLLNWLRQRGVDEVDVVGIATDHCVRQTAEDAVRNGLATRVLVDLTAGVSADTTVAALEEMRTASVELVCSS!,1,S
MRALIIVDVQNDFCEGGSLAVTGGAALARAISDYLAEAADYHHVVATKDFHIDPGDHFSGTTDYSSSWPPHCVSGTPGADFHPSLDTSAIEAVFYKGAYTGAYSGFEGVDENGTPLLNWLRQRGVDEVDVVGIATDHCVRQTAEDAVRNGLATRVLVDLTAGVSADTTVAALEEMRTASVELVCSS!,1,R
MRALIIVDVQNDFCEGGSLAVTGGAALARAISDYLAEAADYHHVVATKDFHIDPGDHFSGTPDYSSSWPPHCVSGTPGADFHPSLDTSAIEAVFYKGAYTGAYSGFEGVDENGTPLLNWLRQRGVDEIDVVGIATDHCVRQTAEDAVRNGLATRVLVDLTAGVSADTTVAALEEMRTASVELVCSS!,1,S
MRALIIVDVQNDFCEGGSLAVTGGAALARAISDYLAEAADYHHVVATKDFHIDPGDHFSGTPDYSSSWPPHCVSGTPGADFHPSLDTSAIEAVFYKGAYTGAYSGFEGVDENGTPLLNWLRQRGIDEVDVVGIATDHCVRQTAEDAVRNGLATRVLVDLTAGVSADTTVAALEEMRTASVELVCSS!,1,S
MRALIIVDVQNDFCEGGSLAVTGGAALARAISDYLAEAADYHHVVATKDFHIDPGDHFSGTPDYSSSWPPHCVSGTPGADFHPSLDTSAIEAVFYKGAYTGAYSGFEGVDENGTPLLNWLRQRGVDEVDVVGIATDHCVRQTAEDAVRNGLATRVLVNLTAGVSADTTVAALEEMRTASVELVCSS!,1,S
MRALIIVDVQNDFCEGGSLAATGGAALARAISDYLAEAADYHHVVATKDFHIDPGDHFSGTPDYSSSWPPHCVSGTPGADFHPSLDTSAIEAVFYKGAYTGAYSGFEGVDENGTPLLNWLRQRGVDEVDVVGIATDHCVRQTAEDAVRNGLATRVLVDLTAGVSADTTVAALEEMRTASVELVCSS!,1,S
MRALIIVDVQNDFCEGGSLAVTGGAALARAISDYLAEAADYHHVVATKDFHIDPGDHFSGTPDYSSSWPPHCVSGTPGADFHPSLDTSAIEAVFYKGAYTGAYSGFEGVDENGTPLLNWLRQRGVDEVDVGGIATDHCVRQTAEDAVRNGLATRVLVDLTAGVSADTTVAALEEMRTASVELVCSS!,1,R
MRALIIVDVQNDFCEGGSLAVTGGAALARAISDYLAEAADYHHVVATKDFHIDPGDDFSGTPDYSSSWPPHCVSGTPGVDFHPSLDTSAIEAVFYKGAYTGAYSGFEGVDENGTPLLNWLRQRGVDEVDVVGIATDHCVRQTAEDAVRNGLATRVLVDLTAGVSADTTVAALEEMRTASVELVCSS!,2,S
MRALIIVDVQNDFCEGGSLAVTGGAALARAISDYLAEAADYHHVVATKDFHIDPGDHFSGTPDYSSSWPPHCVSGTPGADFHPSLDTSAIEAVFYKGAYTGAYSGFEGVDENGTPLLNWLRQRGVDEVDVVGIATDHCVRQKAEDAVRNGLATRVLVDLTAGVSADTTVAALEEMRTASVELVCSS!,1,R
MRALIIVDVQNDFCEGGSLAVTGGAALARAISDYLAEAADYHHVVATKDFHIDPGDHFSGTPDYSSSWPPHCVSGTPGADFHPSLDTSAIEAVFYKGAYTGAYSGFEGVDENGTPLLNWLRQRGVDEVDVVGIATDHCVRQTAEDAVRNGLATRVLVDLTAGVSADTTVAAREEMRTASVELVCSS!,1,R
MRALIIVDVQNDFCEGGSLAVTGGAALARAISDYLAEAADYHHVVATKDFHIDPGDHFSGTPDYSSSWPPHCVSGTPGADFHPSLDTSAIEAVFYKGAYTGAYSGFEGVDENGTPLLNSLRQRGVDEVDVVGIATDHCVRQTAEDAVRNGLATRVLVDLTAGVSADTTVAALEEMRTASVELVCSS!,1,R
MRALIIVDVQNDLCEGGSLAVTGGAALARAISDYLAEAADYHHVVATKDFHIDPGDDFSGTPDYSSSWPPHCVSGTPGADFHPSLDTSAIEAVFYKGAYTGAYSGFEGVDENGTPLLNWLRQRGVDEVDVVGIATDHCVRQTAEDAVRNGLATRVLVDLTAGVSADTTVAALEEMRTASVELVCSS!,2,R
MRALIIVDVQNDFCEGGSLAVTGGAALARAISDYLAEAADYHHVVATKDFHIDPGDHFSGTPDYSSSWPPHCVSGTPGADFHPSLDTSAIEAVFYKGAYTGAYSRFEGVDENGTPLLNWLRQRGVDEVDVVGIATDHCVRQTAEDAVRNGLATRVLVDLTAGVSADTTVAALEEMRTASVELVCSS!,1,R
MRALIIVDVHNDFCEGGSLAVTGGAALARAISDYLAEAADYHHVVATKDFHIDPGDHFSGTPDYSSSWPPHCVSGTPGADFHPSLDTSAIEAVFYKGAYTGAYSGFEGVDENGTPLLNWLRQRGVDEVDVVGIATDHCVRQTAEDAVRNGLATRVLVDLTAGVSADTTVAALEEMRTASVELVCSS!,1,R
MRALIIVDVQNDFCEGGSLAVTGGAALARAISDYLAEAADYHHVVATKDFHIDPGDHFSGTPDYSSSWPPHCVSGTPGADFHPSLDTSAIEAVFYKGAYTGAYSGFEGVDENGTPLLNWLRQRGVDEVDVVGIAIDHCVRQTAEDAVRNGLATRVLVDLTAGVSADTTVAALEEMRTASVELVCSS!,1,S
MRALIIVDVQNDFCEGGSLAVTGGAALARAISDYLAEAADYHHVVATKDFHIDPGDHFSGTPDYSSSWPPHCVSGTPGADFHPSLDTSAIEAVFYKGAYTGAYSGFEGVDENGTPLLNWLRQRGVDEVDVVGIATDHCVRQPAEDAVRNGLATRVLVDLTAGVSADTTVAALEEMRTASVELVCSS!,1,R
MRALISVDVQNDFCEGGSLAVTGGAALARAISDYLAEAADYHHVVATKDFHIDPGDHFSGTPDYSSSWPPHCVSGTPGADFHPSLDTSAIEAVFYKGAYTGAYSGFEGVDENGTPLLNWLRQRGVDEVDVVGIATDHCVRQTAEDAVRNGLATRVLVDLTAGVSADTTVAALEEMRTASVELVCSS!,1,R
MRALIIVDVQNDFCEGGSLAVTGGAALARAISDYLAEAADYHHVVATKDFHIDPGDHFSGTPDYSSSWPPHCVSGTPGADFHPSLDTSATEAVFYKGAYTGAYSGFEGVDENGTPLLNWLRQRGVDEVDVVGIATDHCVRQTAEDAVRNGLATRVLVDLTAGVSADTTVAALEEMRTASVELVCSS!,1,R
MRALIIVDVQNDFCEGGSLAVTGGAALARAISDYLAEAADYHHVVATKDFHIDPGDHFSGTPDYSSSWPPHCVSGTPGADFHPSLDTSAIEAVFYKVAYTGAYSGFEGVDENGTPLLNWLRQRGVDEVDVVGIATDHCVRQTAEDAVRNGLATRVLVDLTAGVSADTTVAALEEMRTASVELVCSS!,1,R
MRALIIVDVQNDFCEGGSLAVTGGAALARAISDYLAEAADYHHVVATKDFHIDPGDHFSGTPDYSSSWPPHCVSGTPVADFHPSLDTSAIEAVFYKGAYTGAYSGFEGVDENGTPLLNWLRQRGVDEVDVVGIATDHCVRQTAEDAVRNGLATRVLVDLTAGVSADTTVAALEEMRTASVELVCSS!,1,R
MRALIIVDVQNDFCEGGSLAVTGGAALARAISDYLAEAADYHHVVATKDFHIDPGDHFSGTPDYSSSWPPHCVSGTPGADFHPSLDTSAIEAVFYKGAYTGAYSGFEGVDENGTPLLNWLRQRGVDEVGVVGIATDHCVRQTAEDAVRNGLATRVLVDLTAGVSADTTVAALEEMRTASVELVCSS!,1,S
MRALIIVDVQNDFCEGGSLAVTGGAALARAISDYLAEAADYHHVVATKDFHIDPGDHFSGTPDYSPSWPPHCVSGTPGADFHPSLDTSAIEAVFYKGAYTGAYSGFEGVDENGTPLLNWLRQRGVDEVDVVGIATDHCVRQTAEDAVRNGLATRVLVDLTAGVSADTTVAALEEMRTASVELVCSS!,1,R
MRALIIVDVQNDFCEGGSLAVTGGAALARAISDYLAEAADYHHVVATKDFHIDPGDHFSGTPDYSSSWPPHCVSGTPGADFHPSLDTSAIEAVFDKGAYTGAYSGFEGVDENGTPLLNWLRQRGVDEVDVVGIATDHCVRQTAEDAVRNGLATRVLVDLTAGVSADTTVAALEEMRTASVELVCSS!,1,R
MRALIIVDVQNDFCEGGSLAVTGGAALARAISDYLAEAADYHHVVATKDFHIDPGDHFSGTPDYSSSWPPHCVSGTPGADFHPSLDTSAIEAVVYKGAYTGAYSGFEGVDENGTPLLNWLRQRGVDEVDVVGIATDHCVRQTAEDAVRNGLATRVLVDLTAGVSADTTVAALEEMRTASVELVCSS!,1,S
MLALIIVDVQNDFCEGGSLAVTGGAALARAISDYLAEAADYHHVVATKDFHIDPGDHFSGTPDYSSSWPPHCVSGTPGADFHPSLDTSAIEAVFYKGAYTGAYSGFEGVDENGTPLLNWLRQRGVDEVDVVGIATDHCVRQTAEDAVRNGLATRVLVDLTAGVSADTTVAALEEMRTASVELVCSS!,1,S
MRALIIVDVQNNFCEGGSLAVTGGAALARAISDYLAEAADYHHVVATKDFHIDPGDHFSGTPDYSSSWPPHCVSGTPGADFHPSLDTSAIEAVFYKGAYTGAYSGFEGVDENGTPLLNWLRQRGVDEVDVVGIATDHCVRQTAEDAVRNGLATRVLVDLTAGVSADTTVAALEEMRTASVELVCSS!,1,R
MRALIIVDVQNDFCEGGSLAVTGGAALARAISDYLAEAADYHHVVATNDFHIDPGDHFSGTPDYSSSWPPHCVSGTPGADFHPSLDTSAIEAVFYKGAYTGAYSGFEGVDENGTPLLNWLRQRGVDEVDVVGIATDHCVRQTAEDAVRNGLATRVLVDLTAGVSADTTVAALEEMRTASVELVCSS!,1,S
MRALIIVDVQNDFCEGGSLAVTGGAALARAISDYLAEAADYHHVVATKDFHIDPGDHFSGTPDYSSSWPPHCVSGTPGADFHPSLDTSAIEAVFYKGAYTGAYSGFEGVDENGTPLLNWLRQRGVDEVDVVGIATDHCVRQTAEDAVRNGLATRVLVDLTAGVSADTTVAALEDVRTASVELVCSS!,2,R
MRALIIVDVQNDFCEGGSLAVTGGAALARAISDYLAEAADYHHVVATKDFHIDPGDHFSGTPDYSSSWPPHCVSGTPGADFHPSLDTSAIEAVFYKGAYTGAYSGFEGVDENGTPLLNWLRQRGVDEVDVVGIATDHCVRQTAEDAVRNGLATRVLVDLTAGVSADTTVAALEEMRTASAELVCSS!,1,R
MRALIIVDVQNDFCEGGSLAVTGGAALARAISDYLAEAADYHHVVAPKDFHIDPGDHFSGTPDYSSSWPPHCVSGTPGADFHPSLDTSAIEAVFYKGAYTGAYSGFEGVDENGTPLLNWLRQRGVDEVDVVGIATDHCVRQTAEDAVRNGLATRVLVDLTAGVSADTTVAALEEMRTASVELVCSS!,1,R
MRALIIVDVQNDFCEGGSLAVTGGAALARAISDYLAEAADYHHVVATKDFHIDPGDHFSGTPDYSSSWPPHCVSGIPGADFHPSLDTSAIEAVFYKGAYTGAYSGFEGVDENGTPLLNWLRQRGVDEVDVVGIATDHCVRQTAEDAVRNGLATRVLVDLTAGVSADTTVAALEEMRTASVELVCSS!,1,R
MRALIIVDVQNDFCEGGSLAVTGGAALARAISDYLAEAADYHHVVATKDFHIDPGDHFSGTPDYSSSWPPHCVSGTPGADFHPSLDTSAIEAVFYKGAYTGAYSGFEGVDENGTPLLNWLRQRGVDEVDVVGIATDHCMRQTAEDAVRNGLATRVLVDLTAGVSADTTVAALEEMRTASVELVCSS!,1,R
TRALIIVDVQNDFCEGGSLAVTGGAALARAISDYLAEAADYHHVVATKDFHIDPGDHFSGTPDYSSSWPPHCVSGTPGADFHPSLDTSAIEAVFYKGAYTGAYSGFEGVDENGTPLLNWLRQRGVDEVDVVGIATDHCVRQTAEDAVRNGLATRVLVDLTAGVSADTTVAALEEMRTASVELVCSS!,1,R
MRALIIVDVQNDFCEGGSLAVTGGAALARAISDYLAEAADYHHVVATKDFHIDPGDHFSGTPDYSSSWPPHCVSGTPDADFHPSLDTSAIEAVFYKGAYTGAYSGFEGVDENGTPLLNWLRQRGVDEVDVVGIATDHCVRQTAEDAVRNGLATRVLVDLTAGVSADTTVAALEEMRTASVELVCSS!,1,R
MRALIIVDVQNDFCEGGSLAVTGGAALARAISDYLAEAADYHHVVATKDFHIDPGDHFSGPPDYSSSWPPHCVSGTPGADFHPSLDTSAIEAVFYKGAYTGAYSGFEGVDENGTPLLNWLRQRGVDEVDVVGIATDHCVRQTAEDAVRNGLATRVLVDLTAGVSADTTVAALEEMRTASVELVCSS!,1,S
MRALIIVDVQNDFCEGGSLAVTGGAALARAISDYLAEAADYHHVVATKDFHIDPGDHFSGTPDYSSSWPPHCVSGTPGADFHPSLDTSAIEAVFYKGAYTGAYSGFEGVDENGTPLLNWLRQRGVDEVDVVRIATDHCVRQTAEDAVRNGLATRVLVDLTAGVSADTTVAALEEMRTASVELVCSS!,1,R
MRALIIVDVQNHFCEGGSLAVTGGAALARAISDYLAEAADYHHVVATKDFHIDPGDHFSGTPDYSSSWPPHCVSGTPGADFHPSLDTSAIEAVFYKGAYTGAYSGFEGVDENGTPLLNWLRQRGVDEVDVVGIATDHCVRQTAEDAVRNGLATRVLVDLTAGVSADTTVAALEEMRTASVELVCSS!,1,R
MRALIIVDVQNDFCEGGSLAVTGGAALARAISDYLAEAADYHHVVATKDFHIDPGDHFSGTPDYSSSWPPPCVSGTPGADFHPSLDTSAIEAVFYKGAYTGAYSGFEGVDENGTPLLNWLRQRGVDEVDVVGIATDHCVRQTAEDAVRNGLATRVLVDLTAGVSADTTVAALEEMRTASVELVCSS!,1,R
MRALIIVDVQNDFCEGGSLAVTGGAALARAISDYLAEAADYHHVVATKDFHIDPGDHFSGTPDYSSSWPPHCVSGTPGADFHPSLDTSAIEAVFYKGAYTGAYIGFEGVDENGTPLLNWLRQRGVDEVDVVGIATDHCVRQTAEDAVRNGLATRVLVDLTAGVSADTTVAALEEMRTASVELVCSS!,1,R
MRALIIVDVQNDFCEGGSLAVTGGAALARAISDYLAEAADYHHVVATKDFHIDPGDHFSGTPDYSSSWPPHCVSGTPGADFHPSLDTSAIEAVFYKGAYTGAYSGFEGVDENGTPLLNWQRQRGVDEVDVVGIATDHCVRQTAEDAVRNGLATRVLVDLTAGVSADTTVAALEEMRTASVELVCSS!,1,R
MRALIIVDVQNDFCEGGSLAVTGGAALARAISDYLAEAADYHHVVATKDFHIDPGDHFSGTPDYSSSWPPHCVSGTPGADFHPSLDTSAIEAVFYKGAYTGAYSGFEGVDENGTPLLNWLRQRGVDEVDVVGIATDHCVRQTAEDAVRNGLATRVLVDLTAGVSADTTVAALEEMRTASLELVCSS!,1,R
MRALIIVDVQNDFCEGGSLAVTGGAALARAISDYLAEAADYHHVVATKDFHIDPGDHFSGTPDYSSSWPPHCVSGTPGADFHPSLDTSAIEAVFYKGAYTGAYSGFEGVDENGTPLLNWLRQRGVDEVDVVGIATDHCVRQTAEDAVRNGLATRVLVDLTARVSADTTVAALEEMRTASVELVCSS!,1,R
MRALIIVDVQNDFCEGGSLAVTGGAALARAISDYLAEAADYHHVVATKDFHIDPGDHFSGTPDYSSSWPPHCVSGTPGADFHPSLDTSAIEAVFYKGAYTGAYSGIEGVDENGTPLLNWLRQRGVDEVDVVGIATDHCVRQTAEDAVRNGLATRVLVDLTAGVSADTTVAALEEMRTASVELVCSS!,1,S
MRALIIVDVQNDFCEGGSLAVTGGAAQARAISDYLAEAADYHHVVATKDFHIDPGDHFSGTPDYSSSWPPHCVSGTPGADFHPSLDTSAIEAVFYKGAYTGAYSGFEGVDENGTPLLNWLRQRGVDEVDVVGIATDHCVRQTAEDAVRNGLATRVLVDLTAGVSADTTVAALEEMRTASVELVCSS!,1,S
MRALIIVDVQNDFCEGGSLAVTGGAALARAISDYLAEAADYHHVVATKDFHIDPGDHFSGTPDYSSSWPPHCVSGTPGADFHPSLDTSAIEAVFYKGAYTGAYSGFEGVDENGTPVLNWLRQRGVDEVDVVGIATDHCVRQTAEDAVRNGLATRVLVDLTAGVSADTTVAALEEMRTASVELVCSS!,1,S
MRALIIVDVQNDFCEGGSLAVTGGAALARAISDYLAEAADYHHVVATKDFHIDPGDHFSGTPDYSSSWPPHCVSGTPGADFHPSLDTSAIEAVFYNGAYTGAYSGFEGVDENGTPLLNWLRQRGVDEVDVVGIATDHCVRQTAEDAVRNGLATRVLVDLTAGVSADTTVAALEEMRTASVELVCSS!,1,R
MRALIIVDVQNDFCEGGSLAVTGGAALARAISDYLAEAADYHHVVATKDFHIDPGDHVSGTPDYSSSWPPHCVSGTPGADFHPSLDTSAIEAVFYKGAYTGAYSGFEGVDENGTPLLNWLRQRGVDEVDVVGIATDHCVRQTAEDAVRNGLATRVLVDLTAGVSADTTVAALEEMRTASVELVCSS!,1,S
MRALIIVDVQNDICEGGSLAVTGGAALARAISDYLAEAADYHHVVATKDFHIDPGDHFSGTPDYSSSWPPHCVSGTPGADFHPSLDTSAIEAVFYKGAYTGAYSGFEGVDENGTPLLNWLRQRGVDEVDVVGIATDHCVRQTAEDAVRNGLATRVLVDLTAGVSADTTVAALEEMRTASVELVCSS!,1,R
MRALIIVDVQNDFCEGGSLAVTGGAALARAISDYLAEAADYHHVVATKDFHIDPGDHFSGTPDYSSSWPPHYVSGTPGADFHPSLDTSAIEAVFYKGAYTGAYSGFEGVDENGTPLLNWLRQRGVDEVDVVGIATDHCVRQTAEDAVRNGLATRVLVDLTAGVSADTTVAALEEMRTASVELVCSS!,1,R
RRALIIVDVQNDFCEGGSLAVTGGAALARAISDYLAEAADYHHVVATKDFHIDPGDHFSGTPDYSSSWPPHCVSGTPGADFHPSLDTSAIEAVFYKGAYTGAYSGFEGVDENGTPLLNWLRQRGVDEVDVVGIATDHCVRQTAEDAVRNGLATRVLVDLTAGVSADTTVAALEEMRTASVELVCSS!,1,R
MRALIIVDVQNDFCEGGSLAVTGGAALARAISDYLAEAADYHHVVATKDFHIDPGDHFFGTPDYSSSWPPHCVSGTPGADFHPSLDTSAIEAVFYKGAYTGAYSGFEGVDENGTPLLNWLRQRGVDEVDVVGIATDHCVRQTAEDAVRNGLATRVLVDLTAGVSADTTVAALEEMRTASVELVCSS!,1,R
MRALIIVDVQNDFCEGGSLAVTGGAALARAISDYLAEAADYHHVVATKDFHIDSGDHFSGTPDYSSSWPPHCVSGTPGADFHPSLDTSAIEAVFYKGAYTGAYSGFEGVDENGTPLLNWLRQRGVDEVDVVGIATDHCVRQTAEDAVRNGLATRVLVDLTAGVSADTTVAALEEMRTASVELVCSS!,1,R
MRALIIVYVQNDFCEGGSLAVTGGAALARAISDYLAEAADYHHVVATKDFHIDPGDHFSGTPDYSSSWPPHCVSGTPGADFHPSLDTSAIEAVFYKGAYTGAYSGFEGVDENGTPLLNWLRQRGVDEVDVVGIATDHCVRQTAEDAVRNGLATRVLVDLTAGVSADTTVAALEEMRTASVELVCSS!,1,R
MRALIIVDVQNDFCEGGSLAVTGGAALARAISDYLAEAADYHHVVATKDFHIDPGDHFSGTPDYSSSWPPHCVSGTPGADFHPSLDTSAIEAVFYKGAYTGAYSGFEGVDENGTPLLNWLRQRGVDEVDVVGIATDHCVRQTAEDAVRNGLATRVLGDLTAGVSADTTVAALEEMRTASVELVCSS!,1,R
MRALIIVDVQNDFCEGGSLAVTGGAALARAISDYLAEAADYHHVVATKDFHIDPGDHCSGTPDYSSSWPPHCVSGTPGADFHPSLDTSAIEAVFYKGAYTGAYSGFEGVDENGTPLLNWLRQRGVDEVDVVGIATDHCVRQTAEDAVRNGLATRVLVDLTAGVSADTTVAALEEMRTASVELVCSS!,1,R
MRALIIVDVQNDFCEGGSLAVTGGAALARAISDYLAEAADYHHVVATKDFHIDPGDHFSGTPDYSSSWPPHCVSGTPGADFHPSLDTSAIEAVFYKGAYTGAYSGFEGVDENGTPLLNWLRQRGVDEVDVVGIATDHCVSQTAEDAVRNGLATRVLVDLTAGVSADTTVAALEEMRTASVELVCSS!,1,S
MRALIIVDVQNDFCEGGSLAVTGGAALARAISDYLAEAADYHHVVATKDFHIDPGDHFSGTPDYSSSWPPHWVSGTPGADFHPSLDTSAIEAVFYKGAYTGAYSGFEGVDENGTPLLNWLRQRGVDEVDVVGIATDHCVRQTAEDAVRNGLATRVLVDLTAGVSADTTVAALEEMRTASVELVCSS!,1,R
MRALIIVDVQNDFCEGGSLAVTGGAALDRAISDYLAEAADYHHVVATKDFHIDPGDHFSGTPDYSSSWPPHCVSGTPGADFHPSLDTSAIEAVFYKGAYTGAYSGFEGVDENGTPLLNWLRQRGVDEVDVVGIATDHCVRQTAEDAVRNGLATRVLVDLTAGVSADTTVAALEEMRTASVELVCSS!,1,R
MRALIIVDVQNDFCEGGSLAVTGGAALARAISDYLAEAADYHHVVATKDFHIDPGDHFSGTPDYSSSWPPHCVSGTPGAVFHPSLDTSAIEAVFYKGAYTGAYSGFEGVDENGTPLLNWLRQRGVDEVDVVGIATDHCVRQTAEDAVRNGLATRVLVDLTAGVSADTTVAALEEMRTASVELVCSS!,1,S
MRALIIVDVQNDFCEGGSLAVTGGAALARAISDYLAEAADYHHVVATKDFHIDPGDHFSGTPDYSSSWPPHCVSGTPGADFHPSLDTSAIEAVFYKGAYTGAYSGFEGVDENGTPLLNWLRQRGVDEVDVVGIAADHCVRQTAEDAVRNGLATRVLVDLTAGVSADTTVAALEEMRTASVELVCSS!,1,S
MRALIIVHVQNDFCEGGSLAVTGGAALARAISDYLAEAADYHHVVATKDFHIDPGDHFSGTPDYSSSWPPHCVSGTPGADFHPSLDTSAIEAVFYKGAYTGAYSGFEGVDENGTPLLNWLRQRGVDEVDVVGIATDHCVRQTAEDAVRNGLATRVLVDLTAGVSADTTVAALEEMRTASVELVCSS!,1,R
MRALIIVDVQNDVCEGGSLAVTGGAALARAISDYLAEAADYHHVVATKDFHIDPGDHFSGTPDYSSSWPPHCVSGTPGADFHPSLDTSAIEAVFYKGAYTGAYSGFEGVDENGTPLLNWLRQRGVDEVDVVGIATDHCVRQTAEDAVRNGLATRVLVDLTAGVSADTTVAALEEMRTASVELVCSS!,1,S
MRALIIVDVQNDFCEGGSLAVTGGAALARAISDYLAEAADYHHVVATKDFHIDPGDHFSGTPDYSSSWPPHCVSGTPGADFHPSLDTSAIEAVFYKGAYTGAYSGFEGVDENGTPLLNWLRQRGVDEVDVVCIATDHCVRQTAEDAVRNGLATRVLVDLTAGVSADTTVAALEEMRTASVELVCSS!,1,R
MRALIIVDVQNDFCEGVSLAVTGGAALARAISDYLAEAADYHHVVATKDFHIDPGDHFSGTPDYSSSWPPHCVSGTPGADFHPSLDTSAIEAVFYKGAYTGAYSGFEGVDENGTPLLNWLRQRGVDEVDVVGIATDHCVRQTAEDAVRNGLATRVLVDLTAGVSADTTVAALEEMRTASVELVCSS!,1,S
MRALIIVDVQNDFCEGGSLAVTGGAALARAISDYLAEAADYHHVVATKDFHIDPGDHFSGTPDYSSSWPPHCVSGTPGADFHPSLDTSAIEAVFYKGAYTGAYSGFEGVDENGTPLLNWLRQRGVDEVDVVGIATDHCVRQTAEDAVRNGLATRLLVDLTAGVSADTTVAALEEMRTASVELVCSS!,1,S
MRALIIVDVQNDFCEGGSLAVTGGAALARAISDYLAEAADYHHVVATKDFHIDPGDHFSGTPDYSSSWPPHCVSGTPGADFHPSLDTSAIEAVFYKGAYTGAYSGFEGVDENGTPLLNWLRQRGVDEVDVVGIATDHCVRQTAEDAVRNGWATRVLVDLTAGVSADTTVAALEEMRTASVELVCSS!,1,S
MRALIIVDVQNDFCEGGSLAVTGGAALARAISDYLAEAADYHHVVATKDFHIDPGDHFSGTPDYSSSWPPHCVSGTPGADFHPSLDTSAIEAVFYKGACTGAYSGFEGVDENGTPLLNWLRQRGVDEVDVVGIATDHCVRQTAEDAVRNGLATRVLVDLTAGVSADTTVAALEEMRTASVELVCSS!,1,S
MRALIIVDVQNDFCEGGSLAVTGGAALARAISDYLAEAADYHHVVATKDFHIDPGDHFSGTPDYSSSWPPHCVSGTPGADFHPSLDTSAIEAVFYKGAYTGAYSGFEGVGENGTPLLNWLRQRGVDEVDVVGIATDHCVRQTAEDAVRNGLATRVLVDLTAGVSADTTVAALEEMRTASVELVCSS!,1,S
MRALIIVDVQNDFCEGGSLAVTGGAALARAISDYLAEAADYHHVVATKDFHIDPGDHFSGTPDYSSSWPPHCVSGTPGADFHPSLDTSAIEAVFYKGAYTGAYSGFEGVDENGTPLLNWLRQRGVDEVDVVGIATDHCVRQTAEDAVRNGLATRVLVDLTAGVSADITVAALEEMRTASVELVCSS!,1,S
MRALIIVDVQNDFCEGGSLAVTGGAALARAISDYLAEAADYHHVVATKDFHIDPGDHFSGTPDYSSSWPPHCVSGTPGADFHPSLDTSAIEAVFYKGAYTGAYSGFEGVYENGTPLLNWLRQRGVDEVDVVGIATDHCVRQTAEDAVRNGLATRVLVDLTAGVSADTTVAALEEMRTASVELVCSS!,1,R
MRALIIVDVQNDFCEGGSLAVTGGAALARAISDYLAEAADYHHVVATKDFHIDPGDHFSGTPDYSSSWPPHCVSGAPGADFHPSLDTSAIEAVFYKGAYTGAYSGFEGVDENGTPLLNWLRQRGVDEVDVVGIATDHCVRQTAEDAVRNGLATRVLVDLTAGVSADTTVAALEEMRTASVELVCSS!,1,S
MRALIIVDVQNDFCEGGSLAATGGAALARAISDYLAEAADYHHVVATKDFHIDPGDHFSGTPDYSSSWPPHCVSGTPGADFHPSLDTSAIEAVFYKGAYTGAYSGFEGVDENGTPLLNWLRQRGVDEVDVVGIATDHCVRQTAEDAVRNGLATRVLVDPTAGVSADTTVAALEEMRTASVELVCSS!,2,R
MRALIIVDVQNDFCEGGSLAVTGGAALARAISDYLAEAADYHHVVATKDFHIDPGDQFSGTPDYSSSWPPHCVSGTPGADFHPSLDTSAIEAVFYKGAYTGAYSGFEGVDENGTPLLNWLRQRGVDEVDVVGIATDHCVRQTAEDAVRNGLATRVLVDLTAGVSADTTVAALEEMRTASVELVCSS!,1,R
MRALIIVDVQNDFCEGGSLAVTGGAALARAISDYLAEAADYHHVVATKDFHIDPGDHFSGTPDYSSSWPPHCVSGTPGADFHPSLDTSAIEAVFYKGAYTGAYSGFEGVDENGTPLLNWLRQRGVDEVDVVGIATDHCVRQTAEDAVRNGLATRVLVDLTAGVSADTTVAALEERRTASVELVCSS!,1,R
MRALIIVDVQNDFCEGGSLAVTGGAALARAISDYLAEAADYHHVVATKDFHIDPGDHFSGTQDYSSSWPPHCVSGTPGADFHPSLDTSAIEAVFYKGAYTGAYSGFEGVDENGTPLLNWLRQRGVDEVDVVGIATDHCVRQTAEDAVRNGLATRVLVDLTAGVSADTTVAALEEMRTASVELVCSS!,1,R
MRALIIVDVQNDFCEGGSLAVTGGAALARAISDYLAEAADYHPVVATKDFHIDPGDHFSGTPDYSSSWPPHCVSGTPGADFHPSLDTSAIEAVFYKGAYTGAYSGFEGVDENGTPLLNWLRQRGVDEVDVVGIATDHCVRQTAEDAVRNGLATRVLVDLTAGVSADTTVAALEEMRTASVELVCSS!,1,R
MRALIIVDVQNDFCEGGSLAVTGGAALARAISDYLAEAADYHHVVATKDFHIDPGDHFSGTPDYSASWPPHCVSGTPGADFHPSLDTSAIEAVFYKGAYTGAYSGFEGVDENGTPLLNWLRQRGVDEVDVVGIATDHCVRQTAEDAVRNGLATRVLVDLTAGVSADTTVAALEEMRTASVELVCSS!,1,S
MRALIIVDVQNDFCEGGSLAVTGGAALARAISDYLAEAADYHHVVATKDFHIDPGDHFSGTRDYSSSWPPHCVSGTPGADFHPSLDTSAIEAVFYKGAYTGAYSGFEGVDENGTPLLNWLRQRGVDEVDVVGIATDHCVRQTAEDAVRNGLATRVLVDLTAGVSADTTVAALEEMRTASVELVCSS!,1,R
MRALIIVDVQNDFCEGRSLAVTGGAALARAISDYLAEAADYHHVVATKDFHIDPGDHFSGTPDYSSSWPPHCVSGTPGADFHPSLDTSAIEAVFYKGAYTGAYSGFEGVDENGTPLLNWLRQRGVDEVDVVGIATDHCVRQTAEDAVRNGLATRVLVDLTAGVSADTTVAALEEMRTASVELVCSS!,1,R
MRALIIVDVQNDFCGGGSLAVTGGAALARAISDYLAEAADYHHVVATKDFHIDPGDHFSGTPDYSSSWPPHCVSGTPGADFHPSLDTSAIEAVFYKGAYTGAYSGFEGVDENGTPLLNWLRQRGVDEVDVVGIATDHCVRQTAEDAVRNGLATRVLVDLTAGVSADTTVAALEEMRTASVELVCSS!,1,S
MRALIIVDVQNDFCEGGSLAVTGGAALARAISDYLAEAADYHHVVATKDFHIDPGDHFSGTPDYSSSWPPHCVSGTPGADFHPSLDTSAIEAVFYKGAYTGAYSGFEGVDENGTPLLNWLRQRGVDEVDVVGIATDHCVRQTGEDAVRNGLATRVLVDLTAGVSADTTVAALEEMRTASVELVCSS!,1,R
MRALIIVDVQNDFCEGGSLAVTGGAALARATSDYLAEAADYHHVVATKDFHIDPGDHFSGTPDYSSSWPPHCVSGTPGADFHPSLDTSAIEAVFYKGAYTGAYSGFEGVDENGTPLLNWLRQRGVDEVDVVGIATDHCVRQTAEDAVRNGLATRVLVDLTAGVSADTTVAALEEMRTASVELVCSS!,1,S
MRALIIVDVQNDFCEGGSLAVTGGAALARAISDYLAEAADYHDVVATKDFHIDPGDHFSGTPDYSSSWPPHCVSGTPGADFHPSLDTSAIEAVFYKGAYTGAYSGFEGVDENGTPLLNWLRQRGVDEVDVVGIATDHCVRQTAEDAVRNGLATRVLVDLTAGVSADTTVAALEEMRTASVELVCSS!,1,S
MRALIIVDVQNDCCEGGSLAVTGGAALARAISDYLAEAADYHHVVATKDFHIDPGDHFSGTPDYSSSWPPHCVSGTPGADFHPSLDTSAIEAVFYKGAYTGAYSGFEGVDENGTPLLNWLRQRGVDEVDVVGIATDHCVRQTAEDAVRNGLATRVLVDLTAGVSADTTVAALEEMRTASVELVCSS!,1,S
MRALIIVDVQNDFCEGGSLAVTGGAALARAISDYLAEAADYHHVVATKYFHIDPGDHFSGTPDYSSSWPPHCVSGTPGADFHPSLDTSAIEAVFYKGAYTGAYSGFEGVDENGTPLLNWLRQRGVDEVDVVGIATDHCVRQTAEDAVRNGLATRVLVDLTAGVSADTTVAALEEMRTASVELVCSS!,1,R
MRALIIVDVQNDFCEGGSLAVTGGAALARAISDYLAEAADCHHVVATKDFHIDPGDHFSGTPDYSSSWPPHCVSGTPGADFHPSLDTSAIEAVFYKGAYTGAYSGFEGVDENGTPLLNWLRQRGVDEVDVVGIATDHCVRQTAEDAVRNGLATRVLVDLTAGVSADTTVAALEEMRTASVELVCSS!,1,S
MRALIIVDVQNDFCEGGSLAVTGGAALARAISDYLAEAADYHHVVATKDFHIDPGDHFSGTPDYSSSWPPHCVSGTPGADFHPSLDTSAIEAVFYKGAYIGAYSGFEGVDENGTPLLNWLRQRGVDEVDVVGIATDHCVRQTAEDAVRNGLATRVLVDLTAGVSADTTVAALEEMRTASVELVCSS!,1,S
MRALIIVDVQNDFCEGGSLAVTGGAALARAISDYLAEAADYHHVVATKDFHIDPGDHFSGTPDYSSSWPPHCVSGTPGADFHPSLDTSAIEAVFYKGAYTGAYSGFEGVDENGTPLLNWLRQRGVDEVDVVGIATDHCVRQTAEDAVRNGLATRVLVDLTAGGSADTSVAALEEMRTASVELVCSS!,2,S
MRALIIVDVQNDFCEGGSLAVTGGAALARAISDYLAEAADYHHVVATKDFQIDPGDHFSGTPDYSSSWPPHCVSGTPGADFHPSLDTSAIEAVFYKGAYTGAYSGFEGVDENGTPLLNWLRQRGVDEVDVVGIATDHCVRQTAEDAVRNGLATRVLVDLTAGVSADTSVAALEEMRTASVELVCSS!,2,R
MRALIIVDVQNDFCEGGSLAVTGGAALARAISDSLAEAADYHHVVATKDFHIDPGDHFSGTPDYSSSWPPHCVSGTPGADFHPSLDTSAIEAVFYKGAYTGAYSGFEGVDENGTPLLNWLRQRGVDEVDVVGIATDHCVRQTAEDAVRNGLATRVLVDLTAGVSADTTVAALEEMRTASVELVCSS!,1,S
MRALIIVDVQNDFCEGGSLAATGGAALARAISDYLAEAADYHHVVATKDFHIDPGDHFSGTPDYSSSWPPHCVSGTPGADFHPSLDTSAIEAVFYKGAYTGAYSGFEGVDENGTPLLNWLRQRGVDEVDVVGIATDHCVRQTAEDAVRNGLATRVLVDLTAGVSADTTVAALEEMCTASVELVCSS!,2,S
MRALITVDVQNDFCEGGSLAVTGGAALARAISDYLAEAADYHHVVATKDFHIDLGDHFSGTPDYSSSWPPHCVSGTPGADFHPSLDTSAIEAVFYKGAYTGAYSGFEGVDENGTPLLNWLRQRGVDEVDVVGIATDHCVRQTAEDAVRNGLATRVLVDLTAGVSADTTVAALEEMRTASVELVCSS!,2,R
MRALIIVDVQNDFCEGGSLAVTGGAALARAISDYLAEAADYHHVVTTKDFHIDPGDHFSGTPDYSSSWPPHCVSGTPGADFHPSLDTSAIEAVFYKGAYTGAYSGFEGVDENGTPLLNWLRQRGVDEVDVVGIATDHCVRQTAEEAVRNGLATRVLVDLTAGVSADTTVAALEEMRTASVELVCSS!,2,R
MRALIIVDVQNDFCEGGSLAVTGGAALARAISDYLAEAADYHHVVATKDFHIDPGDHFSGTPDYSSSWPPHCVSVTPGADFHPSLDTSAIEAVFYKGAYTGAYSGFEGVDENGTPLLNWLRQRGVDEVDVVGIATDHCVRQTAEDAVRNGLATRVLVDLTAGVSADTTVAALEEMRTASVELVCSS!,1,S
MRALIIVDVQNDFCEGGSLAVTGGAALARAISDYLAEAADYHHVVATKDFHIDPGDHFSGTPDYSSSWPPHCVSGTPGADFHPSLDTSAIEAVFYKGVYTGAYSGFEGVDENGTPLLNWLRQRGVDEVDVVGIATDHCVRQTAEDAVRNGLATRVLVDLTAGVSADTTVAALEEVRTASVELVCSS!,2,R
MRALIIVDVQNDFCEGGSLAVTGGAALARAISDYLAEAADYHHVVATKDFHIDPGDHFSGTPDYSSSWPPHCVSGTPGADFHPSLDTSAIEAVFYKGAYIGAYSGFEGVDENGTPLLNWLRQRGVDEVDVVGIATDHCVRQTAEDAVRNGLATRVLVDLAAGVSADTTVAALEEMRTASVELVCSS!,2,R
MRALIIVDVQNDFCEGGSLAVTGGAALARAISDYLAEAADYHHVVATKDFHIDPGDHFSGTPDYSSSWPPHCVSGTPGADFHPSLDTSAIEAVFYKGAYTGAYSGFEGVDENGTPLLNWLRQRGVDEVDVVGIATDHCVRQTAEYAVRNGLATRVLVDLTAGVSADTTVAALEEMRTASVELVCSS!,1,R
MRALIIVDVQNDFCEGGSLAVTGGAALARAISDYLAEAADYHHVVATKDFHIDPGDHFSGTPDYSSSWPPHCVSGTPGADFHPSLDTSAIEAVFYKGAYTGAYTGFEGVDENGTPLLNWLRQRGVDEVDVVGIATDHCVRQTAEDAVRNGLATRVLVDLTAGVSADTTVAALEEMRTASVELVCSS!,1,S
MRALIIVDVQNDFCEGGSLAVTGGAALARAISDYLAEAADYHHVVATKDFRIDPGDHFSGTPDYSSSWPPHCVSGTPGADFHPSLDTSAIEAVFYKGAYTGAYSGFEGVDENGTPLLNWLRQRGVDEVDVVGIATDHCVRQTAEDAVRNGLATRVLVDLTAGVSADTTVAALEEMRTASVELVCSS!,1,R
MRALIIVDVRNDFCEGGSLAVTGGAALARAISDYLAEAADYHHVVATKDFHIDPGDHFSGTPDYSSSWPPHCVSGTPGADFHPSLDTSAIEAVFYKGAYTGAYSGFEGVDENGTPLLNWLRQRGVDEVDVVGIATDHCVRQTAEDAVRNGLATRVLVDLTAGVSADTTVAALEEMRTASVELVCSS!,1,R
MRALIIVDVQNDFCEGGSLAVTGGAALARAISDYLAEAADYHHVVATKDFHIDPGDHFSGTPDYSSSWPPHCVSGTPGADFHPSLDTSAIEAVFYKGAYTGAYSGFEGVDENGTPLLNWLRQRGVDEVDVVGIATDHCVRQAAEDAVRNGLATRVLVDLTAGVSADTTVAALEEMRTASVELVCSS!,1,R
MRALIIVDVQNDFCEGGSLAVTGGAALARAISDDLAEAADYHHVVATKDFHIDPGDHFSGTPDYSSSWPPHCVSGTPGADFHPSLDTSAIEAVFYKGAYTGAYSGFEGVDENGTPLLNWLRQRGVDEVDVVGIATDHCVRQTAEDAVRNGLATRVLVDLTAGVSADTTVAALEEMRTASVELVCSS!,1,R
MRALIIVDVQNDFCEGGSLAVTGGAALARAISDYLAEAADYHHVVATKDFHIDPGDHFSGTPDYSSSWPPHCVSGTPGADFHPSLDTSAIEAVFYKGAYTGAYRGFEGVDENGTPLLNWLRQRGVDEVDVVGIATDHCVRQTAEDAVRNGLATRVLVDLTAGVSADTTVAALEEMRTASVELVCSS!,1,R
MRALIIVDVQNDFCEGGSLAVTGGAALARAISDYLAEAADYHHVVATKDFHIDPGDRFSGTPDYSSSWPPHCVSGTPGADFHPSLDTSAIEAVFYKGAYTGAYSGFEGVDENGTPLLNWLRQRGVDEVDVVGIATDHCVRQTAEDAVRNGLATRVLVDLTAGVSADTTVAALEEMRTASVELVCSS!,1,R
MRALIIVDVQNDFCEGGSLAVTGGAALARAISDYLAEAADYHHVVATKDFHIDPGDHFSGTPDYSSSGPPHCVSGTPGADFHPSLDTSAIEAVFYKGAYTGAYSGFEGVDENGTPLLNWLRQRGVDEVDVVGIATDHCVRQTAEDAVRNGLATRVLVDLTAGVSADTTVAALEEMRTASVELVCSS!,1,R
MRALIIVDVQNDFCEGGSLAVTGGAALARAISDYLAEAADYHHVVATKDFHIDPGDHFSGTPDYSSSWPPHCVSGTPGADFHPSLDTSAIEAVFYKGAYTGAYSGFEGVDENGTPLLNWLRQRGVDEVDVVGIATDHCVRQTAEDAVRNGLATRVLVDLTAGVSADTTVAAPEEMRTASVELVCSS!,1,R
MRALIIVDVPNDFCEGGSLAVTGGAALARAISDYLAEAADYHHVVATKDFHIDPGDHFSGTPDYSSSWPPHCVSGTPGADFHPSLDTSAIEAVFYKGAYTGAYSGFEGVDENGTPLLNWLRQRGVDEVDVVGIATDHCVRQTAEDAVRNGLATRVLVDLTAGVSADTTVAALEEMRTASVELVCSS!,1,R
MRALIIVDVQNDFCEGGSLAVTGGAALARAISDYLAEAADYHHVVATKDFHIDPGDHFSGTPDYSSPWPPHCVSGTPGADFHPSLDTSAIEAVFYKGAYTGAYSGFEGVDENGTPLLNWLRQRGVDEVDVVGIATDHCVRQTAEDAVRNGLATRVLVDLTAGVSADTTVAALEEMRTASVELVCSS!,1,R
MRALIIVDVQNDFCEGGSLAVTGGAALARAISDYLAEAADYHHVVATKDFHIDPGDHFSGTPDYSSSWPPHCVSGTPGADFDPSLDTSAIEAVFYKGAYTGAYSGFEGVDENGTPLLNWLRQRGVDEVDVVGIATDHCVRQTAEDAVRNGLATRVLVDLTAGVSADTTVAALEEMRTASVELVCSS!,1,S
MRALIIVDVQNDFCEGGSLAVTGGAALARAISDYLAEAADYHHVVATKDFHIDPGDHFSGTPDYSSSWPPHCVSGTPGADFHPSLDTSAIEAVFYKGAYTGAYSGFEGVDENGTPLLNWLRQRGVDEVDVVGIATGHCVRQTAEDAVRNGLATRVLVDLTAGVSADTTVAALEEMRTASVELVCSS!,1,S
MRALIIVDVQNDFCEGGSLAVTGGAALARAISDYLAEAADYHHVVATKDFHIDPGDHFSGTPDYSSSWPPHCVSGTPGADFHPSLDTSAIEAVFYKGAYTGAYSGFEGVDENGTPLLNWLRQRGVDEVDVVGIATDHCVRQTAEDAVRNGLATRVLVDLTAGVSADTTVAVLEEMRTASVELVCSS!,1,S
MRALIIVDVQNDFCEGGSLAVTGGAALARAISDYLAEAADYHHVVATKDFHIDPGDHFSGTPDYSSSWPPHCVSGTPGADFHPSLDTSAIEAVFYKGAYTGAYSGFEGVDENGTPLLNWLRQRGVDEVDVVGIATDHCVRQTAEDAVRNGLATRVLVDLTAGVSADTTVATLEEMRTASVELVCSS!,1,S
MRALIIVDVQNDFCEGGSLAVTGGAALARAISDYLAEAADYHHVVATKDFHIDPGDHFSGTPDYSSSWPPHCVSGTPGADFHPSLDTSAIEAVFYKGAYTGAYSGFEGVDENGTPLLNWLRQRGVDEVDVVGIATDHCVRPTAEDAVRNGLATRVLVDLTAGVSADTTVAALEEMRTASVELVCSS!,1,R
MRALIIVEVQNDFCEGGSLAVTGGAALARAISDYLAEAADYHHVVATKDFHIDPGDHFSGTPDYSSSWPPHCVSGTPGADFHPSLDTSAIEAVFYKGAYTGAYSGFEGVDENGTPLLNWLRQRGVDEVDVVGIATDHCVRQTAEDAVRNGLATRVLVDLTAGVSADTTVAALEEMRTASVELVCSS!,1,R
MRALIIVDVQNDFCEGGSLAVTGGAALARAISDYLAEAADYHHVVATKDFHIDPGDHFSGTPDYSSSWPPHCVSGPPGADFHPSLDTSAIEAVFYKGAYTGAYSGFEGVDENGTPLLNWLRQRGVDEVDVVGIATDHCVRQTAEDAVRNGLATRVLVDLTAGVSADTTVAALEEMRTASVELVCSS!,1,R
MRALIIVDVQNDFCEGGSLAVTGGAALARAISDYLAEAADYHHVVATKDFHIDLGDHFSGTPDYSSSWPPHCVSGTPGADFHPSLDTSAIEAVFYKGAYTGAYSGFEGVDENGTPLLNWLRQRGVDEVDVVGIATDHCVRQTAEDAVRNGLATRVLVDLTAGVSADTTVAALEEMRTASVELVCSS!,1,R
MRALIIVDVQNDFCEGGSLAVTGGAALARAISDYLAEAADYHHVVATKDFHIDPGDHFSGTPDYSSSWPPHCVSGTPGADFHPSLDTSAIEAVFYKGAYTGAYSGFEGVDENGTPLLNWLRQRGVDEVDVVGIAPDHCVRQTAEDAVRNGLATRVLVDLTAGVSADTTVAALEEMRTASVELVCSS!,1,R
MRALIIVGVQNDFCEGGSLAVTGGAALARAISDYLAEAADYHHVVATKDFHIDPGDHFSGTPDYSSSWPPHCVSGTPGADFHPSLDTSAIEAVFYKGAYTGAYSGFEGVDENGTPLLNWLRQRGVDEVDVVGIATDHCVRQTAEDAVRNGLATRVLVDLTAGVSADTTVAALEEMRTASVELVCSS!,1,R
MRALIIVDVQNDFCEGGSLAVTGGAALARAISDYLAEAADYHHVVATKDFHIDPGDDFSGTPDYSSSWPPHCVSGTPGADFHPSLDTSAIEAVFYKGAYTGAYSGFEGVDENGTPLLNWLRQRGVDEVDVVGIATDHCVRQTAEDAVRNGLATRVLVDLTAGVSADTTVAALEEMRTASVELVCSS!,1,R
MRALIIVDVQNDFCEGGSLAVTGGAAPARAISDYLAEAADYHHVVATKDFHIDPGDHFSGTPDYSSSWPPHCVSGTPGADFHPSLDTSAIEAVFYKGAYTGAYSGFEGVDENGTPLLNWLRQRGVDEVDVVGIATDHCVRQTAEDAVRNGLATRVLVDLTAGVSADTTVAALEEMRTASVELVCSS!,1,R
MRASIIVDVQNDFCEGGSLAVTGGAALARAISDYLAEAADYHHVVATKDFHIDPGDHFSGTPDYSSSWPPHCVSGTPGADFHPSLDTSAIEAVFYKGAYTGAYSGFEGVDENGTPLLNWLRQRGVDEVDVVGIATDHCVRQTAEDAVRNGLATRVLVDLTAGVSADTTVAALEEMRTASVELVCSS!,1,R
MRALIIVDVQNDFCEGGSLAVTGGAALARAISDYLAEAADYHHVVATKDFHIDPGDHFSGTPDYSSSWPPHCVSGTPGADFHPSRDTSAIEAVFYKGAYTGAYSGFEGVDENGTPLLNWLRQRGVDEVDVVGIATDHCVRQTAEDAVRNGLATRVLVDLTAGVSADTTVAALEEMRTASVELVCSS!,1,R
MRALIIVDVQNDFCEGGSLAVTGGAALARAISDYLAEAADYHHVVATKDFHIDPGDHFSGTPDYSSSRPPHCVSGTPGADFHPSLDTSAIEAVFYKGAYTGAYSGFEGVDENGTPLLNWLRQRGVDEVDVVGIATDHCVRQTAEDAVRNGLATRVLVDLTAGVSADTTVAALEEMRTASVELVCSS!,1,R
MRALIIVNVQNDFCEGGSLAVTGGAALARAISDYLAEAADYHHVVATKDFHIDPGDHFSGTPDYSSSWPPHCVSGTPGADFHPSLDTSAIEAVFYKGAYTGAYSGFEGVDENGTPLLNWLRQRGVDEVDVVGIATDHCVRQTAEDAVRNGLATRVLVDLTAGVSADTTVAALEEMRTASVELVCSS!,1,R
MRALIIVDVQNDFCEGGSLAVTGGAALARAISDYLAEAADYHHVVATKAFHIDPGDHFSGTPDYSSSWPPHCVSGTPGADFHPSLDTSAIEAVFYKGAYTGAYSGFEGVDENGTPLLNWLRQRGVDEVDVVGIATDHCVRQTAEDAVRNGLATRVLVDLTAGVSADTTVAALEEMRTASVELVCSS!,1,R
MRALIIVDVQNEFCEGGSLAVTGGAALARAISDYLAEAADYHHVVATKDFHIDPGDHFSGTPDYSSSWPPHCVSGTPGADFHPSLDTSAIEAVFYKGAYTGAYSGFEGVDENGTPLLNWLRQRGVDEVDVVGIATDHCVRQTAEDAVRNGLATRVLVDLTAGVSADTTVAALEEMRTASVELVCSS!,1,R
MRALIIVDVQNDFREGGSLAVTGGAALARAISDYLAEAADYHHVVATKDFHIDPGDHFSGTPDYSSSWPPHCVSGTPGADFHPSLDTSAIEAVFYKGAYTGAYSGFEGVDENGTPLLNWLRQRGVDEVDVVGIATDHCVRQTAEDAVRNGLATRVLVDLTAGVSADTTVAALEEMRTASVELVCSS!,1,R
MRALIIVDVQNDFCEGGSLAVTGGAALARAISDYLAEAADYHHVVATKDFHIDPGDHFSGTPDYSSSWPPHCVSGTPGADFHPSLDTSAIEAVCYKGAYTGAYSGFEGVDENGTPLLNWLRQRGVDEVDVVGIATDHCVRQTAEDAVRNGLATRVLVDLTAGVSADTTVAALEEMRTASVELVCSS!,1,R
MRALILVDVQNDFCEGGSLAVTGGAALARAISDYLAEAADYHHVVATKDFHIDPGDHFSGTPDYSSSWPPHCVSGTPGADFHPSLDTSAIEAVFYKGAYTGAYSGFEGVDENGTPLLNWLRQRGVDEVDVVGIATDHCVRQTAEDAVRNGLATRVLVDLTAGVSADTTVAALEEMRTASVELVCSS!,1,S
MRALIIVDVQNDFCEGGSLAVTGGAALARAISDYLAEAADYHHVVATKDFHIDPGDHFSGTPDYSSSWPPHCVSGTPGADFHPSPDTSAIEAVFYKGAYTGAYSGFEGVDENGTPLLNWLRQRGVDEVDVVGIATDHCVRQTAEDAVRNGLATRVLVDLTAGVSADTTVAALEEMRTASVELVCSS!,1,R
MRALIIVDVQNDFCEGGSLAVTGGAALARAISDYLAEAADYHHVVATKDFHIDPGDHFSGTPDYSSSWPPHCVSGTPGADFHPSLDTSAIEAVFYKDAYTGAYSGFEGVDENGTPLLNWLRQRGVDEVDVVGIATDHCVRQTAEDAVRNGLATRVLVDLTAGVSADTTVAALEEMRTASVELVCSS!,1,R
MRALIIGDVQNDFCEGGSLAVTGGAALARAISDYLAEAADYHHVVATKDFHIDPGDHFSGTPDYSSSWPPHCVSGTPGADFHPSLDTSAIEAVFYKGAYTGAYSGFEGVDENGTPLLNWLRQRGVDEVDVVGIATDHCVRQTAEDAVRNGLATRVLVDLTAGVSADTTVAALEEMRTASVELVCSS!,1,R
MRALIIVDVQNDFCEGGSLAVTGGAALARAISDYLAEAADYHHVVATKDFHIDPGDHFSGTPDYSSSWPPHCVSGTPGADFHPSLDTSAIEAVFYKGAYTGAYSGFEGVDENGTPLLNWLRQRGVDEVDVVGIVTDHCVRQTAEDAVRNGLATRVLVDLTAGVSADTTVAALEEMRTASVELVCSS!,1,R
MRALIIVDVQNDFCEGGSLAVTGGAALARAISDYLAEAADYHHGVATKDFHIDPGDHFSGTPDYSSSWPPHCVSGTPGADFHPSLDTSAIEAVFYKGAYTGAYSGFEGVDENGTPLLNWLRQRGVDEVDVVGIATDHCVRQTAEDAVRNGLATRVLVDLTAGVSADTTVAALEEMRTASVELVCSS!,1,R
MRALIIVDVQNDFCEGGSLAVTGGAALARAISDYLAEAADYHHVVATKDFHIDPGDHFSGTPDYSSSWPPHCVSGTPGADFHPSLDTSAIEAVFYKGAYTGAYSGFEGVDENGTPLLNCLRQRGVDEVDVVGIATDHCVRQTAEDAVRNGLATRVLVDLTAGVSADTTVAALEEMRTASVELVCSS!,1,R
MRALIIVDVQNDFCEGGSLAVTGGAALARAISDYLAEAADYHHVVATKDFHIDPGDHFSGTPDYSSSWPPHCVSGTPGADFHPSLDTSAIEAVFYKGAYTGAYSGFEGVDENGTPLLNWLRQRGVDEVDVVGIATDHCVRQMAEDAVRNGLATRVLVDLTAGVSADTTVAALEEMRTASVELVCSS!,1,R
MRALIIVDVQNDFCEGGSLAVTGGAALARAISDYRAEAADYHHVVATKDFHIDPGDHFSGTPDYSSSWPPHCVSGTPGADFHPSLDTSAIEAVFYKGAYTGAYSGFEGVDENGTPLLNWLRQRGVDEVDVVGIATDHCVRQTAEDAVRNGLATRVLVDLTAGVSADTTVAALEEMRTASVELVCSS!,1,S
MRALIIVDVQNDFCEGGSLAVTGGAALARAISDYLAEAADYHHVVATKDFHIDPGDHFSGTPDYSSSWPPHCVSGTPGADFHPSLDTSAIEAVFYKSAYTGAYSGFEGVDENGTPLLNWLRQRGVDEVDVVGIATDHCVRQTAEDAVRNGLATRVLVDLTAGVSADTTVAALEEMRTASVELVCSS!,1,R
MRALIIVDVQNDFCEGGSLAVTGGAALARAISDYLAEAADYHHVVATKDFHIDPGDHFSGTPDYSSSWPPHCVSGTPGADFRPSLDTSAIEAVFYKGAYTGAYSGFEGVDENGTPLLNWLRQRGVDEVDVVGIATDHCVRQTAEDAVRNGLATRVLVDLTAGVSADTTVAALEEMRTASVELVCSS!,1,R
MRALIIVDVQNDFCEGGSLAVTGGAALARAISDYLAEAADYHHVVATKDFPIDPGDHFSGTPDYSSSWPPHCVSGTPGADFHPSLDTSAIEAVFYKGAYTGAYSGFEGVDENGTPLLNWLRQRGVDEVDVVGIATDHCVRQTAEDAVRNGLATRVLVDLTAGVSADTTVAALEEMRTASVELVCSS!,1,R
MRALIIVDVQNDFCEGGSLAVTGGAALARAISDYLAEAADYHHVVATKDFHIDPGDHFSGTPDYSSSWPPHCVSGTPGADFHPSLDTSAIEAVFYKGAYTGAYSGFEGVDENGTPLLNWLRQRGVDEVDVVGIATDHCGRQTAEDAVRNGLATRVLVDLTAGVSADTTVAALEEMRTASVELVCSS!,1,R
MRALIIVDVQNDFCEGGSLAVTGGAALARAISDYLAEAADYHHVVATKDFHIDPGDHFSGTPDYSSSWPPHCVSGTPGADFHPSLDTSAIEAVFYKCAYTGAYSGFEGVDENGTPLLNWLRQRGVDEVDVVGIATDHCVRQTAEDAVRNGLATRVLVDLTAGVSADTTVAALEEMRTASVELVCSS!,1,R
MRALIIVDVQNDFCEGGSLAVTGDAALARAISDYLAEAADYHHVVATKDFHIDPGDHFSGTPDYSSSWPPHCVSGTPGADFHPSLDTSAIEAVFYKGAYTGAYSGFEGVDENGTPLLNWLRQRGVDEVDVVGIATDHCVRQTAEDAVRNGLATRVLVDLTAGVSADTTVAALEEMRTASVELVCSS!,1,R
MRALIIVDVQNDFCEGGSLAVTGGAALARAISDYLAEAADYHHVVATKDFHIDPGDHFSGTPDYSSSWPPHCVSGTPGADFHPSLDTSAIEAVFYKGAYTGAYSGFEGVDENGTPLLNWLRQRGVDEVDVVGIATDHCVRQTAEDAVRNGLATRGLVDLTAGVSADTTVAALEEMRTASVELVCSS!,1,R
MRALIIVDVQNDFCEGGSLAVTGGAALARAISDYLAEAADYHHVVATKDFHIDPGDHFSGTPDYSSSWPPYCVSGTPGADFHPSLDTSAIEAVFYKGAYTGAYSGFEGVDENGTPLLNWLRQRGVDEVDVVGIATDHCVRQTAEDAVRNGLATRVLVDLTAGVSADTTVAALEEMRTASVELVCSS!,1,R
MRALIIVDVQNDFCEGGSLAVTGGAALARAISDYLAEAADYHHVVATKDFHIDPGDHFSGTPDYSSSWPPHCVSGTPGADFHPSLDTSAIEAVFYEGAYTGAYSGFEGVDENGTPLLNWLRQRGVDEVDVVGIATDHCVRQTAEDAVRNGLATRVLVDLTAGVSADTTVAALEEMRTASVELVCSS!,1,R
MRALIIVDVQNDFCEGGSLAVTGGAALARAISDYLAEAADYHHVVATKDFHIDPGDHFSGTPDYSSSWPPHCVSGTPGADFHPSLDTSAIEAVFYKGAYTGAYSGFEGVDENGTPLLNWLRQRGVDEVDVVGIATDHCVRQTAEDAVRNGLATRMLVDLTAGVSADTTVAALEEMRTASVELVCSS!,1,R
MRALIILDVQNDFCEGGSLAVTGGAALARAISDYLAEAADYHHVVATKDFHIDPGDHFSGTPDYSSSWPPHCVSGTPGADFHPSLDTSAIEAVFYKGAYTGAYSGFEGVDENGTPLLNWLRQRGVDEVDVVGIATDHCVRQTAEDAVRNGLATRVLVDLTAGVSADTTVAALEEMRTASVELVCSS!,1,R
MRALIIVDVQNDFCEGGSLAGTGGAALARAISDYLAEAADYHHVVATKDFHIDPGDHFSGTPDYSSSWPPHCVSGTPGADFHPSLDTSAIEAVFYKGAYTGAYSGFEGVDENGTPLLNWLRQRGVDEVDVVGIATDHCVRQTAEDAVRNGLATRVLVDLTAGVSADTTVAALEEMRTASVELVCSS!,1,R
MRALIIVDVQNDFCEGGSLAVTGGAALARASSDYLAEAADYHHVVATKDFHIDPGDHFSGTPDYSSSWPPHCVSGTPGADFHPSLDTSAIEAVFYKGAYTGAYSGFEGVDENGTPLLNWLRQRGVDEVDVVGIATDHCVRQTAEDAVRNGLATRVLVDLTAGVSADTTVAALEEMRTASVELVCSS!,1,R
MRALIIVDVQNDFCEGGSLAVTGGAALARAISDYLAEAADYHHVVATKDFHIDPGDHFSGTPDYSSSWLPHCVSGTPGADFHPSLDTSAIEAVFYKGAYTGAYSGFEGVDENGTPLLNWLRQRGVDEVDVVGIATDHCVRQTAEDAVRNGLATRVLVDLTAGVSADTTVAALEEMRTASVELVCSS!,1,R
MRALIIVDVQNDFCEGGSLAVTGGAALARAISDYLAEAADYHHVVATKGFHIDPGDHFSGTPDYSSSWPPHCVSGTPGADFHPSLDTSAIEAVFYKGAYTGAYSGFEGVDENGTPLLNWLRQRGVDEVDVVGIATDHCVRQTAEDAVRNGLATRVLVDLTAGVSADTTVAALEEMRTASVELVCSS!,1,R
MRALIIVDVQNDFCEGGSLAVTGGAALARAISDYLAEAADYHHVVATKDFHIDPGDHFSGTPDYSSSWPPHCVSGTPGADFHPSLDTSAIEAVFYKGAYTGAYSGFEGVDENGTPLLNWLRQRGVDEVDVVGIATDHCVRQTAEDVVRNGLATRVLVDLTAGVSADTTVAALEEMRTASVELVCSS!,1,R
MRALIIVDVQNDFCEGGSLAVTGGAALARAISDYLAEAADYHHVVATKDFHIDPGDHFSGTPDYSSSWPPHCVSGTPGADFHPSLDTSAIEAVFYKGAYTGAYSGFEGVDENGTPLLNWLRQRGVDEVDVVAIATDHCVRQTAEDAVRNGLATRVLVDLTAGVSADTTVAALEEMRTASVELVCSS!,1,R
MRALIIADVQNDFCEGGSLAVTGGAALARAISDYLAEAADYHHVVATKDFHIDPGDHFSGTPDYSSSWPPHCVSGTPGADFHPSLDTSAIEAVFYKGAYTGAYSGFEGVDENGTPLLNWLRQRGVDEVDVVGIATDHCVRQTAEDAVRNGLATRVLVDLTAGVSADTTVAALEEMRTASVELVCSS!,1,R
MRALIIVDVQNDFCEGGSLAVTGGAALARAISDYLAEAADYHHVVATKDFHIDPGDHFSGTPDYSSSWPPHCVSGTPGADFHPSLDTSAIEAVFYKGAYTGAYSGFEGVDENGTPLLNWLRQRGVDEVDVVGIATDHCVRQTAEDAVRNGLATRVLVDLTAGVSADTTVAALEEIRTASVELVCSS!,1,S
MRALIIVDVQNDFCEGGSLAVTGGAALARAISDYLAEAADYHHVVATKDFHIDPGDHFSGTPDYSSSWPPHCVSGTPGADFHPSLDTSAIEAVFYKGAYTGAYSGFERVDENGTPLLNWLRQRGVDEVDVVGIATDHCVRQTAEDAVRNGLATRVLVDLTAGVSADTTVAALEEMRTASVELVCSS!,1,R
MRALSIVDVQNDFCEGGSLAVTGGAALARAISDYLAEAADYHHVVATKDFHIDPGDHFSGTPDYSSSWPPHCVSGTPGADFHPSLDTSAIEAVFYKGAYTGAYSGFEGVDENGTPLLNWLRQRGVDEVDVVGIATDHCVRQTAEDAVRNGLATRVLVDLTAGVSADTTVAALEEMRTASVELVCSS!,1,R
MRALIIVDVQNDFCEGGSLAVTGGAALARAISDYLAEAADYHHVVATKDFHIDPGDHFSGTPDYSSSWPPHCVSGTPGADFHPSLDTSAIEAVFYKGAYTGAYSGFEGVDENGTPLLNWLRQRGVDEVDVVGIATDHCVRQTAEDAVRNGLATRVLVDLTAGVPADTTVAALEEMRTASVELVCSS!,1,R
