MUTATION,CONSISTENT_PHENOTYPE
A102V,S
A134D,S
A134P,R
A134S,S
A134V,R
A143D,R
A143G,R
A143V,S
A146E,R
A146S,R
A146V,R
A152P,S
A152S,S
A152V,R
A161E,S
A161P,R
A161S,S
A161T,S
A165D,R
A170S,R
A170V,R
A171E,R
A171T,R
A171V,S
A178D,S
A178V,S
A20E,S
A20S,S
A20T,S
A25T,S
A25V,S
A26P,S
A26T,S
A26V,R
A28G,S
A28P,S
A28S,R
A28V,S
A30D,S
A30P,R
A30S,R
A30T,S
A30V,R
A36D,R
A36S,R
A36V,S
A38G,R
A38S,R
A38T,S
A38V,S
A39E,S
A39G,S
A39S,S
A39T,S
A3E,R
A3S,S
A3V,S
A46E,R
A46P,R
A46S,S
A46V,R
A79P,R
A79S,S
A79T,S
A79V,S
A89P,S
A89S,S
A89V,R
A92E,R
A92S,S
A98D,S
C138F,R
C138G,R
C138R,R
C138S,R
C138Y,R
C14R,R
C14W,R
C14Y,R
C184R,R
C184Y,S
C72F,R
C72R,R
C72S,S
C72W,R
C72Y,R
D110E,R
D110G,S
D110H,R
D110N,R
D110V,S
D110Y,S
D126H,S
D126N,S
D126V,S
D126Y,S
D129E,R
D129V,S
D129Y,S
D12A,R
D12E,R
D12G,R
D12H,R
D12N,R
D12Y,R
D136E,S
D136H,R
D136V,R
D136Y,R
D145E,R
D145G,S
D145N,S
D158E,S
D158G,R
D158N,S
D166H,S
D166V,R
D33A,S
D33E,S
D33N,S
D33V,S
D33Y,S
D40E,S
D49A,R
D49E,R
D49G,R
D49H,R
D49N,R
D49V,R
D49Y,R
D53N,S
D56A,S
D56E,S
D56N,S
D63E,R
D63G,R
D63H,R
D63N,S
D63Y,R
D80E,S
D80G,S
D80H,R
D80N,S
D80V,S
D80Y,S
D86E,S
D86G,S
D86N,S
D86V,R
D8A,R
D8E,R
D8G,R
D8H,R
D8N,R
D8V,R
D8Y,R
E107D,S
E107G,S
E107K,S
E107Q,S
E111A,S
E111D,S
E111G,S
E111K,S
E127D,R
E127G,S
E127K,S
E144D,S
E144G,S
E144K,S
E144V,S
E15D,S
E15G,S
E15K,S
E15Q,S
E173D,S
E173G,R
E173K,S
E173V,S
E174G,R
E174K,R
E174V,S
E181D,S
E181K,R
E37D,S
E37V,S
E91D,S
F106L,S
F106S,R
F106Y,R
F13I,R
F13V,R
F13Y,R
F50Y,S
F58I,R
F58L,R
F58S,R
F58Y,S
F81L,S
F81S,R
F81V,R
F81Y,S
F94C,R
F94L,R
F94S,R
G101E,R
G101R,S
G105A,S
G105D,R
G105R,R
G105S,S
G105V,R
G108E,R
G108R,R
G113A,S
G113R,S
G113S,S
G113V,S
G124A,S
G124C,S
G124D,S
G124S,R
G132A,R
G132C,R
G132D,R
G132R,R
G132S,R
G132V,R
G162A,R
G162C,S
G162D,R
G162V,R
G16R,R
G16S,S
G16V,R
G17C,R
G17D,R
G17S,S
G17V,S
G23A,S
G23R,S
G23S,S
G23V,R
G24D,R
G24V,R
G55C,R
G55V,S
G60C,S
G60D,S
G60R,S
G60S,S
G60V,S
G75C,S
G75D,S
G75V,R
G78C,R
G78D,R
G78S,S
G78V,R
G97C,R
G97D,R
G97R,R
G97S,R
G97V,R
H137D,R
H137P,R
H137Q,S
H42L,S
H42N,R
H42Q,R
H42R,S
H43D,S
H43L,S
H43P,R
H43Q,R
H43R,S
H43Y,S
H51D,R
H51L,R
H51N,R
H51P,R
H51Q,R
H51R,R
H51Y,R
H57D,R
H57L,R
H57N,R
H57P,R
H57Q,R
H57R,R
H57Y,R
H71D,R
H71L,R
H71N,R
H71P,R
H71Q,R
H71R,R
H71Y,R
H82D,S
H82L,R
H82Q,S
H82R,R
I133F,R
I133M,S
I133N,R
I133T,R
I133V,S
I31F,R
I31N,R
I31S,R
I31T,R
I52L,S
I52M,S
I52N,S
I52T,R
I5F,R
I5M,R
I5N,R
I5S,R
I5T,R
I5V,S
I6F,R
I6L,S
I6M,R
I6T,R
I90F,S
I90S,R
I90T,R
I90V,S
K48E,R
K48Q,S
K48T,R
K96E,R
K96M,R
K96N,R
K96Q,R
K96R,R
K96T,R
L116P,R
L116Q,R
L116R,R
L117P,S
L117Q,R
L117V,S
L120M,S
L120P,R
L120Q,R
L120R,R
L120V,S
L151F,S
L151M,S
L151S,R
L156M,S
L156P,R
L156R,R
L159P,R
L159Q,R
L159V,R
L172P,R
L172Q,S
L172R,R
L182M,S
L182W,R
L19P,R
L19Q,R
L19V,S
L27P,R
L27Q,R
L27V,S
L35P,R
L35Q,S
L35R,S
L35V,S
L4F,R
L4M,S
L4S,R
L4V,R
L4W,R
L85P,R
L85Q,R
L85R,R
L85V,S
M175I,R
M175K,R
M175L,S
M175T,R
M175V,R
M1L,R
M1T,R
M1V,S
N112D,S
N112H,S
N112K,S
N112S,R
N112Y,S
N118I,S
N118Y,R
N11H,S
N11I,S
N11S,S
N11T,R
N11Y,S
N149D,S
N149H,S
N149I,R
N149K,S
N149S,S
N149Y,R
P115A,R
P115L,S
P115R,R
P115S,S
P115T,S
P54L,R
P54Q,R
P54R,R
P54S,R
P54T,R
P62A,R
P62L,R
P62Q,R
P62R,R
P62S,R
P62T,R
P69L,R
P69Q,R
P70A,R
P70Q,S
P70S,R
P70T,S
P77L,S
P77S,R
P77T,S
P83R,S
P83S,S
P83T,S
Q10E,R
Q10H,R
Q10L,R
Q10P,R
Q10R,R
Q122H,S
Q122K,R
Q122L,S
Q141E,S
Q141K,S
Q141L,S
Q141P,R
Q141R,S
R121G,S
R121L,S
R121Q,S
R123C,S
R123G,S
R123H,S
R123L,S
R123P,R
R123S,R
R140L,S
R140P,R
R140S,S
R148L,S
R148S,S
R154G,R
R154M,R
R154S,S
R154T,S
R176G,S
R176P,R
R176S,S
R29C,R
R29G,S
R29P,S
R29S,S
R2Q,S
S104C,R
S104G,R
S104I,R
S104R,R
S164P,R
S164T,R
S179C,S
S179I,S
S179N,R
S179R,S
S185C,S
S185G,S
S185I,S
S185N,S
S185R,S
S185T,S
S18L,R
S18P,S
S18T,R
S32G,S
S32I,R
S32N,R
S32R,S
S32T,S
S59F,R
S59P,R
S59T,S
S65C,S
S65F,R
S66L,S
S66P,R
S66T,S
S67L,S
S67P,R
S67T,S
S67W,S
S74C,S
S74G,S
S74I,S
S74R,S
S84C,S
S84G,S
S84I,S
S84N,S
S84R,S
S88A,S
S88L,S
S88P,S
S88T,R
T100A,S
T100S,S
T114A,R
T114M,S
T114P,R
T135I,R
T135N,R
T135P,R
T135S,R
T142A,R
T142K,R
T142M,R
T142R,R
T153A,S
T153N,R
T153S,S
T160I,S
T160K,R
T160P,R
T160R,R
T160S,S
T167A,S
T168A,S
T168I,S
T168P,R
T177I,S
T177N,S
T177P,R
T177S,S
T22A,S
T22I,R
T22S,S
T47A,R
T47P,R
T47S,R
T61A,S
T61K,S
T76I,R
T76P,R
T76S,R
T87M,S
T87R,S
V109D,S
V109F,S
V109G,S
V109L,R
V125A,R
V125D,R
V125F,R
V125I,S
V125L,S
V128A,R
V128D,R
V128G,R
V128I,S
V130E,R
V130G,R
V130L,S
V131A,S
V131D,R
V131F,R
V131G,R
V131I,R
V131L,S
V139A,R
V139E,R
V139G,R
V139L,R
V139M,R
V147A,R
V147L,S
V155E,R
V155G,R
V155M,R
V157A,S
V157L,S
V163A,S
V163E,R
V163G,S
V163M,S
V169A,S
V169D,S
V169F,S
V169I,S
V169L,S
V180A,R
V180D,R
V180F,R
V180G,R
V180I,S
V183A,S
V183D,R
V183I,S
V21E,R
V21G,R
V21L,S
V44D,R
V44G,R
V44I,S
V44L,S
V45A,S
V45L,S
V73D,S
V73I,S
V73L,S
V7A,R
V7D,R
V7F,R
V7G,R
V7I,S
V7L,R
V93E,R
V93L,R
V9G,R
V9L,S
V9M,S
W119G,R
W119L,R
W119R,R
W68C,R
W68G,R
W68L,R
W68R,R
Y103C,R
Y103D,R
Y103H,R
Y103N,S
Y103S,R
Y34C,S
Y34D,R
Y34H,S
Y41H,R
Y64N,S
Y95C,S
Y95H,S
Y95N,S
Y99C,S
Y99D,S
Y99F,S
Y99N,S
